country,continent,subject,v4,v5,v6,v7,v8,v9,v10,v11,v12,v13,v14,v15,nmiss
 Afghanistan ,Asia," Gross domestic product per capita, constant prices ",,820.84998,853.09998,836.20001,739.97998,786.10999,978.01001,852.40002,649.34003,635.34003,726.72998,974.58002,1
 Afghanistan ,Asia, Life expectancy ,28.799999,30.33,32,34.02,36.09,38.439999,39.849998,40.82,41.669998,41.759998,42.130001,43.830002,0
 Afghanistan ,Asia, Population ,8425333,9240934,10267083,11537966,13079460,14880372,12881816,13867957,16317921,22227416,25268404,31889924,0
 Albania ,Europe," Gross domestic product per capita, constant prices ",,1942.28,2312.8899,2760.2,3313.4199,3533,3630.8799,3738.9299,2497.4399,3193.05,4604.21,5937.0298,1
 Albania ,Europe, Life expectancy ,55.23,59.279999,64.82,66.220001,67.690002,68.93,70.419998,72,71.580002,72.949997,75.650002,76.419998,0
 Albania ,Europe, Population ,1282697,1476505,1728137,1984060,2263554,2509048,2780097,3075321,3326498,3428038,3508512,3600523,0
 Algeria ,Africa," Gross domestic product per capita, constant prices ",2449.01,3013.98,2550.8201,3246.99,4182.6602,4910.4199,5745.1602,5681.3599,5023.2202,4797.2998,5288.04,6223.3701,0
 Algeria ,Africa, Life expectancy ,43.080002,45.689999,48.299999,51.41,54.52,58.009998,61.369999,65.800003,67.739998,69.150002,70.989998,72.300003,0
 Algeria ,Africa, Population ,9279525,10270856,11000948,12760499,14760787,17152804,20033752,23254956,26298372,29072016,31287142,33333216,0
 Angola ,Africa," Gross domestic product per capita, constant prices ",3520.6101,3827.9399,4269.2798,5522.7798,5473.29,3008.6499,2756.95,2430.21,2627.8501,2277.1399,2773.29,4797.23,0
 Angola ,Africa, Life expectancy ,30.02,32,34,35.990002,37.93,39.48,39.939999,39.91,40.650002,40.959999,41,42.73,0
 Angola ,Africa, Population ,4232095,4561361,4826015,5247469,5894858,6162675,7016384,7874230,8735988,9875024,10866106,12420476,0
 Argentina ,Americas," Gross domestic product per capita, constant prices ",5911.3198,6856.8599,7133.1699,8052.9502,9443.04,10079.03,8997.9004,9139.6699,9308.4199,10967.28,8797.6396,12779.38,0
 Argentina ,Americas, Life expectancy ,62.490002,64.400002,65.139999,65.629997,67.07,68.480003,69.940002,70.769997,71.870003,73.279999,74.339996,75.32,0
 Argentina ,Americas, Population ,17876956,19610538,21283784,22934224,24779800,26983828,29341374,31620918,33958948,36203464,38331120,40301928,0
 Australia ,Oceania," Gross domestic product per capita, constant prices ",10039.6,10949.65,12217.23,14526.12,16788.631,18334.199,19477.01,21888.891,23424.77,26997.939,30687.75,34435.371,0
 Australia ,Oceania, Life expectancy ,69.120003,70.330002,70.93,71.099998,71.93,73.489998,74.739998,76.32,77.559998,78.830002,80.370003,81.239998,0
 Australia ,Oceania, Population ,8691212,9712569,10794968,11872264,13177000,14074100,15184200,16257249,17481976,18565244,19546792,20434176,0
 Austria ,Europe," Gross domestic product per capita, constant prices ",6137.0801,8842.5996,10750.72,12834.6,16661.631,19749.42,21597.08,23687.83,27042.02,29095.92,32417.609,36126.488,0
 Austria ,Europe, Life expectancy ,66.800003,67.480003,69.540001,70.139999,70.629997,72.169998,73.18,74.940002,76.040001,77.510002,78.980003,79.830002,0
 Austria ,Europe, Population ,6927772,6965860,7129864,7376998,7544201,7568430,7574613,7578903,7914969,8069876,8148312,8199783,0
 Bahrain ,Asia," Gross domestic product per capita, constant prices ",9867.0801,11635.8,12753.28,14804.67,18268.66,19340.1,19211.15,18524.02,19035.58,20292.02,23403.561,29796.051,0
 Bahrain ,Asia, Life expectancy ,50.939999,53.830002,56.919998,59.919998,63.299999,65.589996,69.050003,70.75,72.599998,73.93,74.800003,75.639999,0
 Bahrain ,Asia, Population ,120447,138655,171863,202182,230800,297410,377967,454612,529491,598561,656397,708573,0
 Bangladesh ,Asia," Gross domestic product per capita, constant prices ",,661.64001,686.34003,721.19,630.22998,659.88,676.97998,751.97998,837.81,972.77002,1136.39,1391.25,1
 Bangladesh ,Asia, Life expectancy ,37.48,39.349998,41.220001,43.450001,45.25,46.919998,50.009998,52.82,56.02,59.41,62.009998,64.059998,0
 Bangladesh ,Asia, Population ,46886860,51365468,56839288,62821884,70759296,80428304,93074408,103764240,113704576,123315288,135656784,150448336,0
 Belgium ,Europe," Gross domestic product per capita, constant prices ",8343.1104,9714.96,10991.21,13149.04,16672.141,19117.971,20979.85,22525.561,25575.57,27561.199,30485.881,33692.609,0
 Belgium ,Europe, Life expectancy ,68,69.239998,70.25,70.940002,71.440002,72.800003,73.93,75.349998,76.459999,77.529999,78.32,79.440002,0
 Belgium ,Europe, Population ,8730405,8989111,9218400,9556500,9709100,9821800,9856303,9870200,10045622,10199787,10311970,10392226,0
 Benin ,Africa," Gross domestic product per capita, constant prices ",1062.75,959.59998,949.5,1035.83,1085.8,1029.16,1277.9,1225.86,1191.21,1232.98,1372.88,1441.28,0
 Benin ,Africa, Life expectancy ,38.220001,40.360001,42.619999,44.889999,47.009998,49.189999,50.900002,52.34,53.919998,54.779999,54.41,56.73,0
 Benin ,Africa, Population ,1738315,1925173,2151895,2427334,2761407,3168267,3641603,4243788,4981671,6066080,7026113,8078314,0
 Bolivia ,Americas," Gross domestic product per capita, constant prices ",2677.3301,2127.6899,2180.97,2586.8899,2980.3301,3548.1001,3156.51,2753.6899,2961.7,3326.1399,3413.26,3822.1399,0
 Bolivia ,Americas, Life expectancy ,40.41,41.889999,43.43,45.029999,46.709999,50.02,53.860001,57.25,59.959999,62.049999,63.880001,65.550003,0
 Bolivia ,Americas, Population ,2883315,3211738,3593918,4040665,4565872,5079716,5642224,6156369,6893451,7693188,8445134,9119152,0
 Bosnia and Herzegovina ,Europe," Gross domestic product per capita, constant prices ",973.53003,1353.99,1709.6801,2172.3501,2860.1699,3528.48,4126.6099,4314.1099,2546.78,4766.3599,6018.98,7446.2998,0
 Bosnia and Herzegovina ,Europe, Life expectancy ,53.82,58.450001,61.93,64.790001,67.449997,69.860001,70.690002,71.139999,72.18,73.239998,74.089996,74.849998,0
 Bosnia and Herzegovina ,Europe, Population ,2791000,3076000,3349000,3585000,3819000,4086000,4172693,4338977,4256013,3607000,4165416,4552198,0
 Botswana ,Africa," Gross domestic product per capita, constant prices ",851.23999,918.22998,983.65002,1214.71,2263.6101,3214.8601,4551.1401,6205.8799,7954.1099,8647.1396,11003.61,12569.85,0
 Botswana ,Africa, Life expectancy ,47.619999,49.619999,51.52,53.299999,56.02,59.32,61.48,63.619999,62.75,52.560001,46.630001,50.73,0
 Botswana ,Africa, Population ,442308,474639,512764,553541,619351,781472,970347,1151184,1342614,1536536,1630347,1639131,0
 Brazil ,Americas," Gross domestic product per capita, constant prices ",2108.9399,2487.3701,3336.5901,3429.8601,4985.71,6660.1201,7030.8398,7807.1001,6950.2798,7957.98,8131.21,9065.7998,0
 Brazil ,Americas, Life expectancy ,50.919998,53.290001,55.669998,57.630001,59.5,61.490002,63.34,65.209999,67.059998,69.389999,71.010002,72.389999,0
 Brazil ,Americas, Population ,56602560,65551172,76039392,88049824,100840056,114313952,128962936,142938080,155975968,168546720,179914208,190010640,0
 Bulgaria ,Europe," Gross domestic product per capita, constant prices ",2444.29,3008.6699,4254.3398,5577,6597.4902,7612.2402,8224.1904,8239.8496,6302.6201,5970.3901,7696.7798,10680.79,0
 Bulgaria ,Europe, Life expectancy ,59.599998,66.610001,69.510002,70.419998,70.900002,70.809998,71.080002,71.339996,71.190002,70.32,72.139999,73.010002,0
 Bulgaria ,Europe, Population ,7274900,7651254,8012946,8310226,8576200,8797022,8892098,8971958,8658506,8066057,7661799,7322858,0
 Burkina Faso ,Africa," Gross domestic product per capita, constant prices ",,617.17999,722.51001,794.83002,854.73999,743.39001,807.20001,912.06,931.75,946.28998,1037.65,1217.03,1
 Burkina Faso ,Africa, Life expectancy ,31.98,34.91,37.810001,40.700001,43.59,46.139999,48.119999,49.560001,50.259998,50.32,50.650002,52.299999,0
 Burkina Faso ,Africa, Population ,4469979,4713416,4919632,5127935,5433886,5889574,6634596,7586551,8878303,10352843,12251209,14326203,0
 Burundi ,Africa," Gross domestic product per capita, constant prices ",339.29999,379.56,355.20001,412.98001,464.10001,556.09998,559.59998,621.82001,631.70001,463.12,446.39999,430.07001,0
 Burundi ,Africa, Life expectancy ,39.029999,40.529999,42.049999,43.549999,44.060001,45.91,47.470001,48.209999,44.740002,45.330002,47.360001,49.580002,0
 Burundi ,Africa, Population ,2445618,2667518,2961915,3330989,3529983,3834415,4580410,5126023,5809236,6121610,7021078,8390505,0
 Cambodia ,Asia," Gross domestic product per capita, constant prices ",,434.04001,496.91,523.42999,421.62,524.96997,624.47998,683.90002,682.29999,734.28998,896.22998,1713.78,1
 Cambodia ,Asia, Life expectancy ,39.419998,41.369999,43.419998,45.419998,40.32,31.219999,50.959999,53.91,55.799999,56.529999,56.75,59.720001,0
 Cambodia ,Asia, Population ,4693836,5322536,6083619,6960067,7450606,6978607,7272485,8371791,10150094,11782962,12926707,14131858,0
 Cameroon ,Africa," Gross domestic product per capita, constant prices ",1172.67,1313.05,1399.61,1508.45,1684.15,1783.4301,2367.98,2602.6599,1793.16,1694.34,1934.01,2042.1,0
 Cameroon ,Africa, Life expectancy ,38.52,40.43,42.639999,44.799999,47.049999,49.360001,52.959999,54.990002,54.310001,52.200001,49.860001,50.43,0
 Cameroon ,Africa, Population ,5009067,5359923,5793633,6335506,7021028,7959865,9250831,10780667,12467171,14195809,15929988,17696292,0
 Canada ,Americas," Gross domestic product per capita, constant prices ",11367.16,12489.95,13462.49,16076.59,18970.57,22090.881,22898.789,26626.52,26342.881,28954.93,33328.969,36319.238,0
 Canada ,Americas, Life expectancy ,68.75,69.959999,71.300003,72.129997,72.879997,74.209999,75.760002,76.860001,77.949997,78.610001,79.769997,80.650002,0
 Canada ,Americas, Population ,14785584,17010154,18985848,20819768,22284500,23796400,25201900,26549700,28523502,30305844,31902268,33390140,0
 Central African Republic ,Africa," Gross domestic product per capita, constant prices ",1071.3101,1190.84,1193.0699,1136.0601,1070.01,1109.37,956.75,844.88,747.90997,740.51001,738.69,706.02002,0
 Central African Republic ,Africa, Life expectancy ,35.459999,37.459999,39.48,41.48,43.459999,46.779999,48.299999,50.490002,49.400002,46.07,43.310001,44.740002,0
 Central African Republic ,Africa, Population ,1291695,1392284,1523478,1733638,1927260,2167533,2476971,2840009,3265124,3696513,4048013,4369038,0
 Chad ,Africa," Gross domestic product per capita, constant prices ",1178.67,1308.5,1389.8199,1196.8101,1104.1,1133.98,797.90997,952.39001,1058.0601,1004.96,1156.1801,1704.0601,0
 Chad ,Africa, Life expectancy ,38.09,39.880001,41.720001,43.599998,45.57,47.380001,49.52,51.049999,51.720001,51.57,50.529999,50.650002,0
 Chad ,Africa, Population ,2682462,2894855,3150417,3495967,3899068,4388260,4875118,5498955,6429417,7562011,8835739,10238807,0
 Chile ,Americas," Gross domestic product per capita, constant prices ",3939.98,4315.6201,4519.0898,5106.6499,5494.02,4756.7598,5095.6699,5547.0601,7596.1299,10118.05,10778.78,13171.64,0
 Chile ,Americas, Life expectancy ,54.75,56.07,57.919998,60.52,63.439999,67.050003,70.57,72.489998,74.129997,75.82,77.860001,78.550003,0
 Chile ,Americas, Population ,6377619,7048426,7961258,8858908,9717524,10599793,11487112,12463354,13572994,14599929,15497046,16284741,0
 China ,Asia," Gross domestic product per capita, constant prices ",400.45001,575.98999,487.67001,612.71002,676.90002,741.23999,962.41998,1378.9,1655.78,2289.23,3119.28,4959.1099,0
 China ,Asia, Life expectancy ,44,50.549999,44.5,58.380001,63.119999,63.970001,65.529999,67.269997,68.690002,70.43,72.029999,72.959999,0
 China ,Asia, Population ,556263552,637408000,665769984,754550016,862030016,943454976,1000281024,1084034944,1164969984,1230075008,1280400000,1318683136,0
 Colombia ,Americas," Gross domestic product per capita, constant prices ",2144.1201,2323.8101,2492.3501,2678.73,3264.6599,3815.8101,4397.5801,4903.2202,5444.6499,6117.3599,5755.2598,7006.5801,0
 Colombia ,Americas, Life expectancy ,50.639999,55.119999,57.860001,59.959999,61.619999,63.84,66.650002,67.769997,68.419998,70.309998,71.68,72.889999,0
 Colombia ,Americas, Population ,12350771,14485993,17009884,19764028,22542890,25094412,27764644,30964244,34202720,37657832,41008228,44227552,0
 Comoros ,Africa," Gross domestic product per capita, constant prices ",1102.99,1211.15,1406.65,1876.03,1937.58,1172.6,1267.1,1315.98,1246.91,1173.62,1075.8101,986.15002,0
 Comoros ,Africa, Life expectancy ,40.720001,42.459999,44.470001,46.470001,48.939999,50.939999,52.93,54.93,57.939999,60.66,62.970001,65.150002,0
 Comoros ,Africa, Population ,153936,170928,191689,217378,250027,304739,348643,395114,454429,527982,614382,710960,0
" Congo, Dem. Rep. ",Africa," Gross domestic product per capita, constant prices ",,905.85999,896.31,861.59003,904.90002,795.76001,673.75,672.77002,457.72,312.19,241.17,277.54999,1
" Congo, Dem. Rep. ",Africa, Life expectancy ,39.139999,40.650002,42.119999,44.060001,45.990002,47.799999,47.779999,47.41,45.549999,42.59,44.970001,46.459999,0
" Congo, Dem. Rep. ",Africa, Population ,14100005,15577932,17486434,19941072,23007668,26480870,30646496,35481644,41672144,47798984,55379852,64606760,0
" Congo, Rep. ",Africa," Gross domestic product per capita, constant prices ",2125.6201,2315.0601,2464.78,2677.9399,3213.1499,3259.1799,4879.5098,4201.1899,4016.24,3484.1599,3484.0601,3632.5601,0
" Congo, Rep. ",Africa, Life expectancy ,42.110001,45.049999,48.439999,52.040001,54.91,55.630001,56.700001,57.470001,56.43,52.959999,52.970001,55.32,0
" Congo, Rep. ",Africa, Population ,854885,940458,1047924,1179760,1340458,1536769,1774735,2064095,2409073,2800947,3328795,3800610,0
 Costa Rica ,Americas," Gross domestic product per capita, constant prices ",2627.01,2990.01,3460.9399,4161.73,5118.1499,5926.8799,5262.73,5629.9199,6160.4199,6677.0498,7723.4502,9645.0596,0
 Costa Rica ,Americas, Life expectancy ,57.209999,60.029999,62.84,65.419998,67.849998,70.75,73.449997,74.75,75.709999,77.260002,78.120003,78.779999,0
 Costa Rica ,Americas, Population ,926317,1112300,1345187,1588717,1834796,2108457,2424367,2799811,3173216,3518107,3834934,4133884,0
 Cote d'Ivoire ,Africa," Gross domestic product per capita, constant prices ",1388.59,1500.9,1728.87,2052.05,2378.2,2517.74,2602.71,2156.96,1648.0699,1786.27,1648.8,1544.75,0
 Cote d'Ivoire ,Africa, Life expectancy ,40.48,42.470001,44.93,47.349998,49.799999,52.369999,53.98,54.66,52.040001,47.990002,46.830002,48.330002,0
 Cote d'Ivoire ,Africa, Population ,2977019,3300000,3832408,4744870,6071696,7459574,9025951,10761098,12772596,14625967,16252726,18013408,0
 Croatia ,Europe," Gross domestic product per capita, constant prices ",3119.24,4338.23,5477.8901,6960.2998,9164.0898,11305.39,13221.82,13822.58,8447.79,9875.5996,11628.39,14619.22,0
 Croatia ,Europe, Life expectancy ,61.209999,64.769997,67.129997,68.5,69.610001,70.639999,70.459999,71.519997,72.529999,73.68,74.879997,75.75,0
 Croatia ,Europe, Population ,3882229,3991242,4076557,4174366,4225310,4318673,4413368,4484310,4494013,4444595,4481020,4493312,0
 Cuba ,Americas," Gross domestic product per capita, constant prices ",5586.54,6092.1699,5180.7598,5690.27,5305.4502,6380.4902,7316.9199,7532.9199,5592.8398,5431.9902,6340.6499,8948.0996,0
 Cuba ,Americas, Life expectancy ,59.419998,62.330002,65.25,68.290001,70.720001,72.650002,73.720001,74.169998,74.410004,76.150002,77.160004,78.269997,0
 Cuba ,Americas, Population ,6007797,6640752,7254373,8139332,8831348,9537988,9789224,10239839,10723260,10983007,11226999,11416987,0
 Czech Republic ,Europe," Gross domestic product per capita, constant prices ",6876.1401,8256.3398,10136.87,11399.44,13108.45,14800.16,15377.23,16310.44,14297.02,16048.51,17596.211,22833.311,0
 Czech Republic ,Europe, Life expectancy ,66.870003,69.029999,69.900002,70.379997,70.290001,70.709999,70.959999,71.580002,72.400002,74.010002,75.510002,76.489998,0
 Czech Republic ,Europe, Population ,9125183,9513758,9620282,9835109,9862158,10161915,10303704,10311597,10315702,10300707,10256295,10228744,0
 Denmark ,Europe," Gross domestic product per capita, constant prices ",9692.3896,11099.66,13583.31,15937.21,18866.211,20422.9,21688.039,25116.18,26406.74,29804.35,32166.5,35278.422,0
 Denmark ,Europe, Life expectancy ,70.779999,71.809998,72.349998,72.959999,73.470001,74.690002,74.629997,74.800003,75.330002,76.110001,77.18,78.330002,0
 Denmark ,Europe, Population ,4334000,4487831,4646899,4838800,4991596,5088419,5117810,5127024,5171393,5283663,5374693,5468120,0
 Djibouti ,Africa," Gross domestic product per capita, constant prices ",2669.53,2864.97,3020.99,3020.05,3694.21,3081.76,2879.47,2880.1001,2377.1599,1895.02,1908.26,2082.48,0
 Djibouti ,Africa, Life expectancy ,34.810001,37.330002,39.689999,42.07,44.369999,46.52,48.810001,50.040001,51.599998,53.16,53.369999,,1
 Djibouti ,Africa, Population ,63149,71851,89898,127617,178848,228694,305991,311025,384156,417908,447416,496374,0
 Dominican Republic ,Americas," Gross domestic product per capita, constant prices ",1397.72,1544.4,1662.14,1653.72,2189.8701,2681.99,2861.0901,2899.8401,3044.21,3614.1001,4563.8101,6025.3701,0
 Dominican Republic ,Americas, Life expectancy ,45.93,49.830002,53.459999,56.75,59.630001,61.790001,63.73,66.050003,68.459999,69.959999,70.849998,,1
 Dominican Republic ,Americas, Population ,2491346,2923186,3453434,4049146,4671329,5302800,5968349,6655297,7351181,7992357,8650322,9319622,0
 Ecuador ,Americas," Gross domestic product per capita, constant prices ",3522.1101,3780.55,4086.1101,4579.0698,5280.9902,6679.6201,7213.79,6481.7798,7103.7002,7429.46,5773.04,6873.2598,0
 Ecuador ,Americas, Life expectancy ,48.360001,51.360001,54.639999,56.68,58.799999,61.310001,64.339996,67.230003,69.610001,72.309998,74.169998,74.989998,0
 Ecuador ,Americas, Population ,3548753,4058385,4681707,5432424,6298651,7278866,8365850,9545158,10748394,11911819,12921234,13755680,0
 Egypt ,Africa," Gross domestic product per capita, constant prices ",1418.8199,1458.92,1693.34,1814.88,2024.01,2785.49,3503.73,3885.46,3794.76,4173.1802,4754.6001,5581.1802,0
 Egypt ,Africa, Life expectancy ,41.889999,44.439999,46.990002,49.290001,51.139999,53.32,56.009998,59.799999,63.669998,67.220001,69.809998,71.339996,0
 Egypt ,Africa, Population ,22223308,25009740,28173308,31681188,34807416,38783864,45681812,52799064,59402200,66134292,73312560,80264544,0
 El Salvador ,Americas," Gross domestic product per capita, constant prices ",3048.3,3421.52,3776.8,4358.6001,4520.25,5138.9199,4098.3398,4140.4399,4444.23,5154.8301,5351.5698,5728.3501,0
 El Salvador ,Americas, Life expectancy ,45.259998,48.57,52.310001,55.860001,58.209999,56.700001,56.599998,63.150002,66.800003,69.540001,70.730003,71.879997,0
 El Salvador ,Americas, Population ,2042865,2355805,2747687,3232927,3790903,4282586,4474873,4842194,5274649,5783439,6353681,6939688,0
 Equatorial Guinea ,Africa," Gross domestic product per capita, constant prices ",375.64001,426.10001,582.84003,915.59998,672.40997,958.57001,927.83002,966.90002,1132.0601,2814.48,7703.5,12154.09,0
 Equatorial Guinea ,Africa, Life expectancy ,34.48,35.98,37.490002,38.990002,40.52,42.02,43.66,45.66,47.549999,48.25,49.349998,51.580002,0
 Equatorial Guinea ,Africa, Population ,216964,232922,249220,259864,277603,192675,285483,341244,387838,439971,495627,551201,0
 Eritrea ,Africa," Gross domestic product per capita, constant prices ",328.94,344.16,381,468.79001,514.32001,505.75,524.88,521.13,582.85999,913.46997,765.34998,641.37,0
 Eritrea ,Africa, Life expectancy ,35.93,38.049999,40.16,42.189999,44.139999,44.540001,43.889999,46.450001,49.990002,53.380001,55.240002,58.040001,0
 Eritrea ,Africa, Population ,1438760,1542611,1666618,1820319,2260187,2512642,2637297,2915959,3668440,4058319,4414865,4906585,0
 Ethiopia ,Africa," Gross domestic product per capita, constant prices ",362.14999,378.89999,419.45999,516.12,566.23999,556.81,577.85999,573.73999,421.35001,515.89001,530.04999,690.81,0
 Ethiopia ,Africa, Life expectancy ,34.080002,36.669998,40.060001,42.119999,43.52,44.509998,44.919998,46.68,48.09,49.400002,50.73,52.950001,0
 Ethiopia ,Africa, Population ,20860940,22815614,25145372,27860296,30770372,34617800,38111756,42999528,52088560,59861300,67946800,76511888,0
 Finland ,Europe," Gross domestic product per capita, constant prices ",6424.52,7545.4199,9371.8398,10921.64,14358.88,15605.42,18533.16,21141.01,20647.16,23723.949,28204.59,33207.078,0
 Finland ,Europe, Life expectancy ,66.550003,,68.75,69.830002,70.870003,72.519997,74.550003,74.830002,75.699997,77.129997,78.370003,79.309998,1
 Finland ,Europe, Population ,4090500,4324000,4491443,4605744,4639657,4738902,4826933,4931729,5041039,5134406,5193039,5238460,0
 France ,Europe," Gross domestic product per capita, constant prices ",7029.8101,8662.8301,10560.49,12999.92,16107.19,18292.641,20293.9,22066.439,24703.801,25889.779,28926.029,30470.02,0
 France ,Europe, Life expectancy ,67.410004,68.93,70.510002,71.550003,72.379997,73.830002,74.889999,76.339996,77.459999,78.639999,79.589996,80.660004,0
 France ,Europe, Population ,42459668,44310864,47124000,49569000,51732000,53165020,54433564,55630100,57374180,58623428,59925036,61083916,0
 Gabon ,Africa," Gross domestic product per capita, constant prices ",4293.48,4976.2002,6631.46,8358.7598,11401.95,21745.57,15113.36,11864.41,13522.16,14722.84,12521.71,13206.48,0
 Gabon ,Africa, Life expectancy ,37,39,40.490002,44.599998,48.689999,52.790001,56.560001,60.189999,61.369999,60.459999,56.759998,56.740002,0
 Gabon ,Africa, Population ,420702,434904,455661,489004,537977,706367,753874,880397,985739,1126189,1299304,1454867,0
 Gambia ,Africa," Gross domestic product per capita, constant prices ",485.23001,520.92999,599.65002,734.78003,756.09003,884.76001,835.81,611.65997,665.62,653.72998,660.59003,752.75,0
 Gambia ,Africa, Life expectancy ,30,,33.900002,35.860001,38.310001,41.84,45.580002,49.27,52.639999,55.860001,58.040001,59.450001,1
 Gambia ,Africa, Population ,284320,323150,374020,439593,517101,608274,715523,848406,1025384,1235767,1457766,1688359,0
 Germany ,Europe," Gross domestic product per capita, constant prices ",7144.1099,10187.83,12902.46,14745.63,18016.18,20512.92,22031.529,24639.189,26505.301,27788.881,30035.801,32170.369,0
 Germany ,Europe, Life expectancy ,67.5,69.099998,70.300003,70.800003,71,72.5,73.800003,74.849998,76.07,77.339996,78.669998,79.410004,0
 Germany ,Europe, Population ,69145952,71019072,73739120,76368456,78717088,78160776,78335264,77718296,80597760,82011072,82350672,82400992,0
 Ghana ,Africa," Gross domestic product per capita, constant prices ",911.29999,1043.5601,1190.04,1125.7,1178.22,993.21997,876.03003,847.01001,925.06,1005.25,1111.98,1327.61,0
 Ghana ,Africa, Life expectancy ,43.150002,44.779999,46.450001,48.07,49.880001,51.759998,,55.73,57.5,58.560001,58.450001,60.02,1
 Ghana ,Africa, Population ,5581001,6391288,7355248,8490213,9354120,10538093,11400338,14168101,16278738,18418288,20550752,22873338,0
 Greece ,Europe," Gross domestic product per capita, constant prices ",3530.6899,4916.2998,6017.1899,8513.0996,12724.83,14195.52,15268.42,16120.53,17541.5,18747.699,22514.25,27538.41,0
 Greece ,Europe, Life expectancy ,65.860001,67.860001,69.510002,71,72.339996,73.68,75.239998,76.669998,77.029999,77.870003,78.260002,79.480003,0
 Greece ,Europe, Life expectancy ,65.860001,67.860001,69.510002,71,72.339996,73.68,75.239998,76.669998,,77.870003,78.260002,79.480003,1
 Greece ,Europe, Population ,7733250,8096218,8448233,8716441,8888628,9308479,9786480,9974490,10325429,10502372,10603863,10706290,0
 Guatemala ,Americas," Gross domestic product per capita, constant prices ",2428.24,2617.1599,2750.3601,3242.53,4031.4099,4879.9902,4820.4902,4246.4902,4439.4502,4684.3101,4858.3501,5186.0498,0
 Guatemala ,Americas, Life expectancy ,42.02,44.139999,46.950001,50.02,53.740002,56.029999,58.139999,60.779999,63.369999,66.32,68.980003,70.260002,0
 Guatemala ,Americas, Population ,3146381,3640876,4208858,4690773,5149581,5703430,6395630,7326406,8486949,9803875,11178650,12572928,0
 Guinea ,Africa," Gross domestic product per capita, constant prices ",510.20001,576.27002,686.37,708.76001,741.66998,874.69,857.25,805.57001,794.34998,869.45001,945.58002,942.65002,0
 Guinea ,Africa, Life expectancy ,33.610001,,35.75,37.200001,38.84,40.759998,42.889999,45.549999,,51.459999,53.68,56.009998,2
 Guinea ,Africa, Population ,2664249,2876726,3140003,3451418,3811387,4227026,4710497,5650262,6990574,8048834,8807818,9947814,0
 Guinea-Bissau ,Africa," Gross domestic product per capita, constant prices ",299.85001,431.79001,522.03003,715.58002,820.21997,764.72998,838.12,736.41998,745.53998,796.65997,575.70001,579.22998,0
 Guinea-Bissau ,Africa, Life expectancy ,32.5,33.490002,34.490002,35.490002,36.490002,37.470001,39.330002,41.25,,44.869999,45.5,46.389999,1
 Guinea-Bissau ,Africa, Population ,580653,601095,627820,601287,625361,745228,825987,927524,1050938,1193708,1332459,1472041,0
 Haiti ,Americas," Gross domestic product per capita, constant prices ",1840.37,1726.89,1796.59,1452.0601,1654.46,1874.3,2011.16,1823.02,1456.3101,1341.73,1270.36,1201.64,0
 Haiti ,Americas, Life expectancy ,37.580002,40.700001,43.59,46.240002,48.040001,49.919998,51.459999,53.639999,55.09,56.669998,58.139999,60.919998,0
 Haiti ,Americas, Population ,3201488,3507701,3880130,4318137,4698301,4908554,5198399,5756203,6326682,6913545,7607651,8502814,0
 Honduras ,Americas," Gross domestic product per capita, constant prices ",2194.9299,2220.49,2291.1599,2538.27,2529.8401,3203.21,3121.76,3023.1001,3081.6899,3160.45,3099.73,3548.3301,0
 Honduras ,Americas, Life expectancy ,41.91,44.669998,48.040001,50.919998,53.880001,57.400002,60.91,64.489998,66.400002,67.660004,68.57,70.199997,0
 Honduras ,Americas, Population ,1517453,1770390,2090162,2500689,2965146,3055235,3669448,4372203,5077347,5867957,6677328,7483763,0
" Hong Kong, China ",Asia," Gross domestic product per capita, constant prices ",3054.4199,3629.0801,4692.6499,6197.96,8315.9297,11186.14,14560.53,20038.471,24757.6,28377.631,30209.02,39724.98,0
" Hong Kong, China ",Asia, Life expectancy ,60.959999,64.75,67.650002,70,72,73.599998,75.449997,76.199997,77.599998,80,81.5,82.209999,0
" Hong Kong, China ",Asia, Population ,2125900,2736300,3305200,3722800,4115700,4583700,5264500,5584510,5829696,6495918,6762476,6980412,0
 Hungary ,Europe," Gross domestic product per capita, constant prices ",5263.6699,6040.1802,7550.3599,9326.6396,10168.66,11674.84,12545.99,12986.48,10535.63,11712.78,14843.94,18008.939,0
 Hungary ,Europe, Life expectancy ,64.029999,66.410004,67.959999,69.5,69.760002,69.949997,69.389999,69.580002,69.169998,71.040001,72.589996,73.339996,0
 Hungary ,Europe, Population ,9504000,9839000,10063000,10223422,10394091,10637171,10705535,10612740,10348684,10244684,10083313,9956108,0
 Iceland ,Europe," Gross domestic product per capita, constant prices ",7267.6899,9244,10350.16,13319.9,15798.06,19654.961,23269.609,26923.211,25144.391,28061.1,31163.199,36180.789,0
 Iceland ,Europe, Life expectancy ,72.489998,73.470001,73.68,73.730003,74.459999,76.110001,76.989998,77.230003,78.769997,78.949997,80.5,81.760002,0
 Iceland ,Europe, Population ,147962,165110,182053,198676,209275,221823,233997,244676,259012,271192,288030,301931,0
 India ,Asia," Gross domestic product per capita, constant prices ",546.57001,590.06,658.34998,700.77002,724.03003,813.34003,855.71997,976.51001,1164.41,1458.8199,1746.77,2452.21,0
 India ,Asia, Life expectancy ,37.369999,40.25,43.610001,47.189999,50.650002,54.209999,56.599998,58.549999,60.220001,61.77,62.880001,64.699997,0
 India ,Asia, Population ,372000000,409000000,454000000,506000000,567000000,634000000,708000000,788000000,872000000,959000000,1034172544,1110396288,0
 Indonesia ,Asia," Gross domestic product per capita, constant prices ",749.67999,858.90002,849.28998,762.42999,1111.11,1382.7,1516.87,1748.36,2383.1399,3119.3401,2873.9099,3540.6499,0
 Indonesia ,Asia, Life expectancy ,37.470001,39.919998,42.52,45.959999,49.200001,52.700001,56.16,60.139999,62.68,66.040001,68.589996,70.650002,0
 Indonesia ,Asia, Population ,82052000,90124000,99028000,109343000,121282000,136724992,153343008,169276000,184816000,199278000,211060000,223547008,0
 Iran ,Asia," Gross domestic product per capita, constant prices ",3035.3301,3290.26,4187.3301,5906.73,9613.8203,11888.6,7608.3301,6642.8799,7235.6499,8263.5898,9240.7598,11605.71,0
 Iran ,Asia, Life expectancy ,44.869999,47.18,49.330002,52.470001,55.23,57.700001,59.619999,63.040001,65.739998,68.040001,69.449997,70.959999,0
 Iran ,Asia, Population ,17272000,19792000,22874000,26538000,30614000,35480680,43072752,51889696,60397972,63327988,66907824,69453568,0
 Iraq ,Asia," Gross domestic product per capita, constant prices ",4129.77,6229.3301,8341.7402,8931.46,9576.04,14688.24,14517.91,11643.57,3745.6399,3076.24,4390.7202,4471.0601,0
 Iraq ,Asia, Life expectancy ,45.32,48.439999,51.459999,54.459999,56.950001,60.41,62.040001,65.040001,59.459999,58.810001,57.049999,59.549999,0
 Iraq ,Asia, Population ,5441766,6248643,7240260,8519282,10061506,11882916,14173318,16543189,17861904,20775704,24001816,27499638,0
 Ireland ,Europe," Gross domestic product per capita, constant prices ",5210.2798,5599.0801,6631.6001,7655.5698,9530.7695,11150.98,12618.32,13872.87,17558.82,24521.949,34077.051,40676,0
 Ireland ,Europe, Life expectancy ,66.910004,68.900002,70.290001,71.080002,71.279999,72.029999,73.099998,74.360001,75.470001,76.120003,77.779999,78.889999,0
 Ireland ,Europe, Population ,2952156,2878220,2830000,2900100,3024400,3271900,3480000,3539900,3557761,3667233,3879155,4109086,0
 Israel ,Asia," Gross domestic product per capita, constant prices ",4086.52,5385.2798,7105.6299,8393.7402,12786.93,13306.62,15367.03,17122.48,18051.52,20896.609,21905.6,25523.279,0
 Israel ,Asia, Life expectancy ,65.389999,67.839996,69.389999,70.75,71.629997,73.059998,74.449997,75.599998,76.93,78.269997,79.699997,80.75,0
 Israel ,Asia, Population ,1620914,1944401,2310904,2693585,3095893,3495918,3858421,4203148,4936550,5531387,6029529,6426679,0
 Italy ,Europe," Gross domestic product per capita, constant prices ",4931.3999,6248.6602,8243.5801,10022.4,12269.27,14255.98,16537.48,19207.23,22013.641,24675.02,27968.1,28569.721,0
 Italy ,Europe, Life expectancy ,65.940002,67.809998,69.239998,71.059998,72.190002,73.480003,74.980003,76.419998,77.440002,78.82,80.239998,80.550003,0
 Italy ,Europe, Population ,47666000,49182000,50843200,52667100,54365564,56059244,56535636,56729704,56840848,57479468,57927000,58147732,0
 Jamaica ,Americas," Gross domestic product per capita, constant prices ",2898.53,4756.5298,5246.1099,6124.7002,7433.8901,6650.2002,6068.0498,6351.2402,7404.9199,7121.9199,6994.77,7320.8799,0
 Jamaica ,Americas, Life expectancy ,58.529999,62.610001,65.610001,67.510002,69,70.110001,71.209999,71.769997,71.769997,72.260002,72.050003,72.57,0
 Jamaica ,Americas, Population ,1426095,1535090,1665128,1861096,1997616,2156814,2298309,2326606,2378618,2531311,2664659,2780132,0
 Japan ,Asia," Gross domestic product per capita, constant prices ",3216.96,4317.6899,6576.6499,9847.79,14778.79,16610.381,19384.109,22375.939,26824.9,28816.58,28604.59,31656.07,0
 Japan ,Asia, Life expectancy ,63.029999,65.5,68.730003,71.43,73.419998,75.379997,77.110001,78.669998,79.360001,80.690002,82,82.599998,0
 Japan ,Asia, Population ,86459024,91563008,95831760,100825280,107188272,113872472,118454976,122091328,124329272,125956496,127065840,127467968,0
 Jordan ,Asia," Gross domestic product per capita, constant prices ",1546.91,1886.08,2348.01,2741.8,2110.8601,2852.3501,4161.4199,4448.6802,3431.5901,3645.3799,3844.9199,4519.46,0
 Jordan ,Asia, Life expectancy ,43.16,45.669998,48.130001,51.630001,56.529999,61.130001,63.740002,65.870003,68.019997,69.769997,71.260002,72.540001,0
 Jordan ,Asia, Population ,607914,746559,933559,1255058,1613551,1937652,2347031,2820042,3867409,4526235,5307470,6053193,0
 Kenya ,Africa," Gross domestic product per capita, constant prices ",853.53998,944.44,896.96997,1056.74,1222.36,1267.61,1348.23,1361.9399,1341.92,1360.49,1287.51,1463.25,0
 Kenya ,Africa, Life expectancy ,42.27,44.689999,47.950001,50.650002,53.560001,56.16,58.77,59.34,59.290001,54.41,50.990002,54.110001,0
 Kenya ,Africa, Population ,6464046,7454779,8678557,10191512,12044785,14500404,17661452,21198082,25020540,28263828,31386842,35610176,0
" Korea, Dem. Rep. ",Asia," Gross domestic product per capita, constant prices ",1088.28,1571.13,1621.6899,2143.54,3701.6201,4106.2998,4106.5298,4106.4902,3726.0601,1690.76,1646.76,1593.0699,0
" Korea, Dem. Rep. ",Asia, Life expectancy ,50.060001,54.080002,56.66,59.939999,63.98,67.160004,69.099998,70.650002,69.980003,67.730003,66.660004,67.300003,0
" Korea, Dem. Rep. ",Asia, Population ,8865488,9411381,10917494,12617009,14781241,16325320,17647518,19067554,20711376,21585104,22215364,23301724,0
" Korea, Rep. ",Asia," Gross domestic product per capita, constant prices ",1030.59,1487.59,1536.34,2029.23,3030.8799,4657.2202,5622.9399,8533.0898,12104.28,15993.53,19233.99,23348.141,0
" Korea, Rep. ",Asia, Life expectancy ,47.450001,52.68,55.290001,57.720001,62.610001,64.769997,67.120003,69.809998,72.239998,74.650002,77.050003,78.620003,0
" Korea, Rep. ",Asia, Population ,20947572,22611552,26420308,30131000,33505000,36436000,39326000,41622000,43805448,46173816,47969152,49044792,0
 Kuwait ,Asia," Gross domestic product per capita, constant prices ",108382.35,113523.13,95458.109,80894.883,109347.87,59265.48,31354.039,28118.43,34932.922,40300.621,35110.109,47306.988,0
 Kuwait ,Asia, Life expectancy ,55.57,58.029999,60.470001,64.620003,67.709999,69.339996,71.309998,74.169998,75.190002,76.160004,76.900002,77.589996,0
 Kuwait ,Asia, Population ,160000,212846,358266,575003,841934,1140357,1497494,1891487,1418095,1765345,2111561,2505559,0
 Lebanon ,Asia," Gross domestic product per capita, constant prices ",4834.7998,6089.79,5714.5601,6006.98,7486.3799,8659.7002,7640.52,5377.0898,6890.8101,8754.96,9313.9404,10461.06,0
 Lebanon ,Asia, Life expectancy ,55.93,59.490002,62.09,63.869999,65.419998,66.099998,66.980003,67.93,69.290001,70.269997,71.029999,71.989998,0
 Lebanon ,Asia, Population ,1439529,1647412,1886848,2186894,2680018,3115787,3086876,3089353,3219994,3430388,3677780,3921278,0
 Lesotho ,Africa," Gross domestic product per capita, constant prices ",298.85001,336,411.79999,498.64001,496.57999,745.37,797.26001,773.98999,977.48999,1186.15,1275.1801,1569.33,0
 Lesotho ,Africa, Life expectancy ,42.139999,45.049999,47.75,48.490002,49.77,52.209999,55.080002,57.18,59.689999,55.560001,44.59,42.59,0
 Lesotho ,Africa, Population ,748747,813338,893143,996380,1116779,1251524,1411807,1599200,1803195,1982823,2046772,2012649,0
 Liberia ,Africa," Gross domestic product per capita, constant prices ",575.57001,620.96997,634.20001,713.59998,803.01001,640.32001,572.20001,506.10999,636.62,609.16998,531.47998,414.51001,0
 Liberia ,Africa, Life expectancy ,38.48,39.490002,40.5,41.540001,42.610001,43.759998,44.849998,46.029999,40.799999,42.220001,43.75,45.68,0
 Liberia ,Africa, Population ,863308,975950,1112796,1279406,1482628,1703617,1956875,2269414,1912974,2200725,2814651,3193942,0
 Libya ,Africa," Gross domestic product per capita, constant prices ",2387.55,3448.28,6757.0298,18772.75,21011.5,21951.211,17364.279,11770.59,9640.1396,9467.4502,9534.6797,12057.5,0
 Libya ,Africa, Life expectancy ,42.720001,45.290001,47.810001,50.23,52.77,57.439999,62.16,66.230003,68.760002,71.559998,72.739998,73.949997,0
 Libya ,Africa, Population ,1019729,1201578,1441863,1759224,2183877,2721783,3344074,3799845,4364501,4759670,5368585,6036914,0
 Madagascar ,Africa," Gross domestic product per capita, constant prices ",1443.01,1589.2,1643.39,1634.05,1748.5601,1544.23,1302.88,1155.4399,1040.6801,986.29999,894.64001,1044.77,0
 Madagascar ,Africa, Life expectancy ,36.68,38.869999,40.849998,42.880001,44.849998,46.880001,48.970001,49.349998,52.209999,54.98,57.290001,59.439999,0
 Madagascar ,Africa, Population ,4762912,5181679,5703324,6334556,7082430,8007166,9171477,10568642,12210395,14165114,16473477,19167654,0
 Malawi ,Africa," Gross domestic product per capita, constant prices ",369.17001,416.37,427.89999,495.51001,584.62,663.21997,632.79999,635.52002,563.20001,692.28003,665.41998,759.34998,0
 Malawi ,Africa, Life expectancy ,36.259998,37.209999,38.41,39.490002,41.77,43.77,45.639999,47.459999,49.419998,47.5,45.009998,48.299999,0
 Malawi ,Africa, Population ,2917802,3221238,3628608,4147252,4730997,5637246,6502825,7824747,10014249,10419991,11824495,13327079,0
 Malaysia ,Asia," Gross domestic product per capita, constant prices ",1831.13,1810.0699,2036.88,2277.74,2849.0901,3827.9199,4920.3599,5249.7998,7277.9102,10132.91,10206.98,12451.66,0
 Malaysia ,Asia, Life expectancy ,48.459999,52.099998,55.740002,59.369999,63.009998,65.260002,68,69.5,70.690002,71.940002,73.040001,74.239998,0
 Malaysia ,Asia, Population ,6748378,7739235,8906385,10154878,11441462,12845381,14441916,16331785,18319502,20476092,22662364,24821286,0
 Mali ,Africa," Gross domestic product per capita, constant prices ",452.34,490.38,496.17001,545.01001,581.37,686.40002,618.01001,684.16998,739.01001,790.26001,951.40997,1042.58,0
 Mali ,Africa, Life expectancy ,33.689999,35.310001,36.939999,38.490002,39.98,41.709999,43.919998,46.360001,48.389999,49.900002,51.82,54.470001,0
 Mali ,Africa, Population ,3838168,4241884,4690372,5212416,5828158,6491649,6998256,7634008,8416215,9384984,10580176,12031795,0
 Mauritania ,Africa," Gross domestic product per capita, constant prices ",743.12,846.12,1055.9,1421.15,1586.85,1497.49,1481.15,1421.6,1361.37,1483.14,1579.02,1803.15,0
 Mauritania ,Africa, Life expectancy ,40.540001,42.34,44.25,46.290001,48.439999,50.849998,53.599998,56.150002,58.330002,60.43,62.25,64.160004,0
 Mauritania ,Africa, Population ,1022556,1076852,1146757,1230542,1332786,1456688,1622136,1841240,2119465,2444741,2828858,3270065,0
 Mauritius ,Africa," Gross domestic product per capita, constant prices ",1967.96,2034.04,2529.0701,2475.3899,2575.48,3710.98,3688.04,4783.5898,6058.25,7425.71,9021.8203,10956.99,0
 Mauritius ,Africa, Life expectancy ,50.990002,58.09,60.25,61.560001,62.939999,64.93,66.709999,68.739998,69.75,70.739998,71.949997,72.800003,0
 Mauritius ,Africa, Population ,516556,609816,701016,789309,851334,913025,992040,1042663,1096202,1149818,1200206,1250882,0
 Mexico ,Americas," Gross domestic product per capita, constant prices ",3478.1299,4131.5498,4581.6099,5754.73,6809.4102,7674.9302,9611.1504,8688.1602,9472.3799,9767.2998,10742.44,11977.57,0
 Mexico ,Americas, Life expectancy ,50.790001,55.189999,58.299999,60.110001,62.360001,65.029999,67.410004,69.5,71.459999,73.669998,74.900002,76.199997,0
 Mexico ,Americas, Population ,30144316,35015548,41121484,47995560,55984296,63759976,71640904,80122496,88111032,95895144,102479928,108700888,0
 Mongolia ,Asia," Gross domestic product per capita, constant prices ",786.57001,912.65997,1056.35,1226.04,1421.74,1647.51,2000.6,2338.01,1785.4,1902.25,2140.74,3095.77,0
 Mongolia ,Asia, Life expectancy ,42.240002,45.25,48.25,51.25,53.75,55.490002,57.490002,60.220001,61.27,63.630001,65.029999,66.800003,0
 Mongolia ,Asia, Population ,800663,882134,1010280,1149500,1320500,1528000,1756032,2015133,2312802,2494803,2674234,2874127,0
 Montenegro ,Europe," Gross domestic product per capita, constant prices ",2647.5901,3682.26,4649.5898,5907.8501,7778.4102,9595.9297,11222.59,11732.51,7003.3398,6465.6099,6557.1899,9253.9004,0
 Montenegro ,Europe, Life expectancy ,59.16,61.450001,63.73,67.18,70.639999,73.07,74.099998,74.870003,75.440002,75.449997,73.980003,74.540001,0
 Montenegro ,Europe, Population ,413834,442829,474528,501035,527678,560073,562548,569473,621621,692651,720230,684736,0
 Morocco ,Africa," Gross domestic product per capita, constant prices ",1688.2,1642,1566.35,1711.04,1930.1899,2370.6201,2702.6201,2755.05,2948.05,2982.1001,3258.5,3820.1799,0
 Morocco ,Africa, Life expectancy ,42.869999,45.419998,47.919998,50.34,52.860001,55.73,59.650002,62.68,65.389999,67.660004,69.620003,71.160004,0
 Morocco ,Africa, Population ,9939217,11406350,13056604,14770296,16660670,18396940,20198730,22987396,25798240,28529500,31167784,33757176,0
 Mozambique ,Africa," Gross domestic product per capita, constant prices ",468.53,495.59,556.69,566.66998,724.91998,502.32001,462.20999,389.88,410.89999,472.35001,633.62,823.69,0
 Mozambique ,Africa, Life expectancy ,31.290001,33.779999,36.16,38.110001,40.330002,42.5,42.799999,42.860001,44.279999,46.34,44.029999,42.080002,0
 Mozambique ,Africa, Population ,6446316,7038035,7788944,8680909,9809596,11127868,12587223,12891952,13160731,16603334,18473780,19951656,0
 Myanmar ,Asia," Gross domestic product per capita, constant prices ",331,350,388,349,357,371,424,385,347,415,611,944,0
 Myanmar ,Asia, Life expectancy ,36.32,41.91,45.110001,49.380001,53.07,56.060001,58.060001,58.34,59.32,60.330002,59.91,62.07,0
 Myanmar ,Asia, Population ,20092996,21731844,23634436,25870272,28466390,31528088,34680440,38028576,40546536,43247868,45598080,47761980,0
 Namibia ,Africa," Gross domestic product per capita, constant prices ",2423.78,2621.45,3173.22,3793.6899,3746.0801,3876.49,4191.1001,3693.73,3804.54,3899.52,4072.3201,4811.0601,0
 Namibia ,Africa, Life expectancy ,41.73,45.23,48.389999,51.16,53.869999,56.439999,58.970001,60.84,62,58.91,51.48,52.91,0
 Namibia ,Africa, Population ,485831,548080,621392,706640,821782,977026,1099010,1278184,1554253,1774766,1972153,2055080,0
 Nepal ,Asia," Gross domestic product per capita, constant prices ",545.87,597.94,652.40002,676.44,674.78998,694.10999,718.37,775.63,897.73999,1010.89,1057.21,1091.36,0
 Nepal ,Asia, Life expectancy ,36.16,37.689999,39.389999,41.470001,43.970001,46.75,49.59,52.540001,55.73,59.43,61.34,63.790001,0
 Nepal ,Asia, Population ,9182536,9682338,10332057,11261690,12412593,13933198,15796314,17917180,20326208,23001112,25873916,28901790,0
 Netherlands ,Europe," Gross domestic product per capita, constant prices ",8941.5703,11276.19,12790.85,15363.25,18794.75,21209.061,21399.461,23651.32,26790.949,30246.131,33724.762,36797.93,0
 Netherlands ,Europe, Life expectancy ,72.129997,72.989998,73.230003,73.82,73.75,75.239998,76.050003,76.830002,77.419998,78.029999,78.529999,79.760002,0
 Netherlands ,Europe, Population ,10381988,11026383,11805689,12596822,13329874,13852989,14310401,14665278,15174244,15604464,16122830,16570613,0
 New Zealand ,Oceania," Gross domestic product per capita, constant prices ",10556.58,12247.4,13175.68,14463.92,16046.04,16233.72,17632.41,19007.189,18363.32,21050.41,23189.801,25185.01,0
 New Zealand ,Oceania, Life expectancy ,69.389999,70.260002,71.239998,71.519997,71.889999,72.220001,73.839996,74.32,76.330002,77.550003,79.110001,80.199997,0
 New Zealand ,Oceania, Population ,1994794,2229407,2488550,2728150,2929100,3164900,3210650,3317166,3437674,3676187,3908037,4115771,0
 Nicaragua ,Americas," Gross domestic product per capita, constant prices ",3112.3601,3457.4199,3634.3601,4643.3901,4688.5898,5486.3701,3470.3401,2955.98,2170.1499,2253.02,2474.55,2749.3201,0
 Nicaragua ,Americas, Life expectancy ,42.310001,45.43,48.630001,51.880001,55.150002,57.470001,59.299999,62.009998,65.839996,68.43,70.839996,72.900002,0
 Nicaragua ,Americas, Population ,1165790,1358828,1590597,1865490,2182908,2554598,2979423,3344353,4017939,4609572,5146848,5675356,0
 Niger ,Africa," Gross domestic product per capita, constant prices ",761.88,835.52002,997.77002,1054.38,954.21002,808.90002,909.71997,668.29999,581.17999,580.31,601.07001,619.67999,0
 Niger ,Africa, Life expectancy ,37.439999,38.599998,39.490002,40.119999,40.549999,41.290001,42.599998,44.560001,47.389999,51.310001,54.5,56.869999,0
 Niger ,Africa, Population ,3379468,3692184,4076008,4534062,5060262,5682086,6437188,7332638,8392818,9666252,11140655,12894865,0
 Nigeria ,Africa," Gross domestic product per capita, constant prices ",1077.28,1100.59,1150.9301,1014.51,1698.39,1981.95,1576.97,1385.03,1619.85,1624.9399,1615.29,2013.98,0
 Nigeria ,Africa, Life expectancy ,36.32,37.799999,39.360001,41.040001,42.82,44.509998,45.830002,46.889999,47.470001,47.459999,46.610001,46.860001,0
 Nigeria ,Africa, Population ,33119096,37173340,41871352,47287752,53740084,62209172,73039376,81551520,93364240,106207840,119901272,135031168,0
 Norway ,Europe," Gross domestic product per capita, constant prices ",10095.42,11653.97,13450.4,16361.88,18965.061,23311.35,26298.641,31540.971,33965.66,41283.16,44683.98,49357.191,0
 Norway ,Europe, Life expectancy ,72.669998,73.440002,73.470001,74.080002,74.339996,75.370003,75.970001,75.889999,77.32,78.32,79.050003,80.199997,0
 Norway ,Europe, Population ,3327728,3491938,3638919,3786019,3933004,4043205,4114787,4186147,4286357,4405672,4535591,4627926,0
 Oman ,Asia," Gross domestic product per capita, constant prices ",1828.23,2242.75,2924.6399,4720.9399,10618.04,11848.34,12954.79,18115.221,18616.711,19702.061,19774.84,22316.189,0
 Oman ,Asia, Life expectancy ,37.580002,40.080002,43.169998,46.990002,52.139999,57.369999,62.73,67.730003,71.199997,72.5,74.190002,75.639999,0
 Oman ,Asia, Population ,507833,561977,628164,714775,829050,1004533,1301048,1593882,1915208,2283635,2713462,3204897,0
 Pakistan ,Asia," Gross domestic product per capita, constant prices ",684.59998,747.08002,803.34003,942.40997,1049.9399,1175.92,1443.4301,1704.6899,1971.83,2049.3501,2092.71,2605.95,0
 Pakistan ,Asia, Life expectancy ,43.439999,45.560001,47.669998,49.799999,51.93,54.040001,56.16,58.25,60.84,61.82,63.610001,65.480003,0
 Pakistan ,Asia, Population ,41346560,46679944,53100672,60641900,69325920,78152688,91462088,105186880,120065008,135564832,153403520,169270624,0
 Panama ,Americas," Gross domestic product per capita, constant prices ",2480.3799,2961.8,3536.54,4421.0098,5364.25,5351.9102,7009.6001,7034.7798,6618.7402,7113.6899,7356.0298,9809.1904,0
 Panama ,Americas, Life expectancy ,55.189999,59.200001,61.82,64.07,66.220001,68.68,70.470001,71.519997,72.459999,73.739998,74.709999,75.540001,0
 Panama ,Americas, Population ,940080,1063506,1215725,1405486,1616384,1839782,2036305,2253639,2484997,2734531,2990875,3242173,0
 Paraguay ,Americas," Gross domestic product per capita, constant prices ",1952.3101,2046.15,2148.03,2299.3799,2523.3401,3248.3701,4258.5,3998.8799,4196.4102,4247.3999,3783.6699,4172.8398,0
 Paraguay ,Americas, Life expectancy ,62.650002,63.200001,64.360001,64.949997,65.82,66.349998,66.870003,67.379997,68.230003,69.400002,70.760002,71.75,0
 Paraguay ,Americas, Population ,1555876,1770902,2009813,2287985,2614104,2984494,3366439,3886512,4483945,5154123,5884491,6667147,0
 Peru ,Americas," Gross domestic product per capita, constant prices ",3758.52,4245.2598,4957.04,5788.0898,5937.8301,6281.29,6434.5,6360.9399,4446.3799,5838.3501,5909.02,7408.9102,0
 Peru ,Americas, Life expectancy ,43.900002,46.259998,49.099998,51.450001,55.450001,58.450001,61.41,64.129997,66.459999,68.389999,69.910004,71.419998,0
 Peru ,Americas, Population ,8025700,9146100,10516500,12132200,13954700,15990099,18125128,20195924,22430448,24748122,26769436,28674756,0
 Philippines ,Asia," Gross domestic product per capita, constant prices ",1272.88,1547.9399,1649.55,1814.13,1989.37,2373.2,2603.27,2189.6299,2279.3201,2536.53,2650.9199,3190.48,0
 Philippines ,Asia, Life expectancy ,47.75,51.330002,54.759998,56.389999,58.07,60.060001,62.080002,64.150002,66.459999,68.559998,70.300003,71.690002,0
 Philippines ,Asia, Population ,22438692,26072194,30325264,35356600,40850140,46850960,53456776,60017788,67185768,75012992,82995088,91077288,0
 Poland ,Europe," Gross domestic product per capita, constant prices ",4029.3301,4734.25,5338.75,6557.1499,8006.5098,9508.1396,8451.5303,9082.3496,7738.8799,10159.58,12002.24,15389.92,0
 Poland ,Europe, Life expectancy ,61.310001,65.769997,67.639999,69.610001,70.849998,70.669998,71.32,70.980003,70.989998,72.75,74.669998,75.559998,0
 Poland ,Europe, Population ,25730552,28235346,30329616,31785378,33039544,34621256,36227380,37740712,38370696,38654956,38625976,38518240,0
 Portugal ,Europe," Gross domestic product per capita, constant prices ",3068.3201,3774.5701,4727.9502,6361.52,9022.25,10172.49,11753.84,13039.31,16207.27,17641.029,19970.91,20509.65,0
 Portugal ,Europe, Life expectancy ,59.82,61.509998,64.389999,66.599998,69.260002,70.410004,72.769997,74.059998,74.860001,75.970001,77.290001,78.099998,0
 Portugal ,Europe, Population ,8526050,8817650,9019800,9103000,8970450,9662600,9859650,9915289,9927680,10156415,10433867,10642836,0
 Puerto Rico ,Americas," Gross domestic product per capita, constant prices ",3081.96,3907.1599,5108.3398,6929.2798,9123.04,9770.5195,10330.99,12281.34,14641.59,16999.43,18855.609,19328.711,0
 Puerto Rico ,Americas, Life expectancy ,64.279999,68.540001,69.620003,71.099998,72.160004,73.440002,73.75,74.629997,73.910004,74.919998,77.779999,78.75,0
 Puerto Rico ,Americas, Population ,2227000,2260000,2448046,2648961,2847132,3080828,3279001,3444468,3585176,3759430,3859606,3942491,0
 Reunion ,Africa," Gross domestic product per capita, constant prices ",2718.8899,2769.45,3173.72,4021.1799,5047.6602,4319.7998,5267.2202,5303.3799,6101.2598,6071.9399,6316.1699,7670.1201,0
 Reunion ,Africa, Life expectancy ,52.720001,55.09,57.669998,60.540001,64.269997,67.059998,69.889999,71.910004,73.620003,74.769997,75.739998,76.440002,0
 Reunion ,Africa, Population ,257700,308700,358900,414024,461633,492095,517810,562035,622191,684810,743981,798094,0
 Romania ,Europe," Gross domestic product per capita, constant prices ",3144.6101,3943.3701,4735,6470.8701,8011.4102,9356.4004,9605.3096,9696.2695,6598.4102,7346.5498,7885.3599,10808.48,0
 Romania ,Europe, Life expectancy ,61.049999,64.099998,66.800003,66.800003,69.209999,69.459999,69.660004,69.529999,69.360001,69.720001,71.32,72.480003,0
 Romania ,Europe, Population ,16630000,17829328,18680720,19284814,20662648,21658596,22356726,22686372,22797028,22562458,22404336,22276056,0
 Rwanda ,Africa," Gross domestic product per capita, constant prices ",493.32001,540.28998,597.46997,510.95999,590.58002,670.08002,881.57001,847.98999,737.07001,589.94,785.65002,863.09003,0
 Rwanda ,Africa, Life expectancy ,40,41.5,43,44.099998,44.599998,45,46.220001,44.02,23.6,36.09,43.41,46.240002,0
 Rwanda ,Africa, Population ,2534927,2822082,3051242,3451079,3992121,4657072,5507565,6349365,7290203,7212583,7852401,8860588,0
 Sao Tome and Principe ,Africa," Gross domestic product per capita, constant prices ",879.58002,860.73999,1071.55,1384.84,1532.99,1737.5601,1890.22,1516.53,1428.78,1339.08,1353.09,1598.4399,0
 Sao Tome and Principe ,Africa, Life expectancy ,46.470001,48.950001,51.889999,54.43,56.48,58.549999,60.349998,61.73,62.740002,63.310001,64.339996,65.529999,0
 Sao Tome and Principe ,Africa, Population ,60011,61325,65345,70787,76595,86796,98593,110812,125911,145608,170372,199579,0
 Saudi Arabia ,Asia," Gross domestic product per capita, constant prices ",6459.5498,8157.5898,11626.42,16903.051,24837.43,34167.762,33693.18,21198.26,24841.619,20586.689,19014.539,21654.83,0
 Saudi Arabia ,Asia, Life expectancy ,39.880001,42.869999,45.91,49.900002,53.889999,58.689999,63.009998,66.300003,68.769997,70.529999,71.629997,72.779999,0
 Saudi Arabia ,Asia, Population ,4005677,4419650,4943029,5618198,6472756,8128505,11254672,14619745,16945856,21229760,24501530,27601038,0
 Senegal ,Africa," Gross domestic product per capita, constant prices ",1450.36,1567.65,1654.99,1612.4,1597.71,1561.77,1518.48,1441.72,1367.9,1392.37,1519.64,1712.47,0
 Senegal ,Africa, Life expectancy ,37.279999,39.330002,41.450001,43.560001,45.82,48.880001,52.380001,55.77,58.200001,60.189999,61.599998,63.060001,0
 Senegal ,Africa, Population ,2755589,3054547,3430243,3965841,4588696,5260855,6147783,7171347,8307920,9535314,10870037,12267493,0
 Serbia ,Europe," Gross domestic product per capita, constant prices ",3581.46,4981.0898,6289.6299,7991.71,10522.07,12980.67,15181.09,15870.88,9325.0703,7914.3198,7236.0801,9786.5303,0
 Serbia ,Europe, Life expectancy ,58,61.689999,64.529999,66.910004,68.699997,70.300003,70.160004,71.220001,71.660004,72.230003,73.209999,74,0
 Serbia ,Europe, Population ,6860147,7271135,7616060,7971222,8313288,8686367,9032824,9230783,9826397,10336594,10111559,10150265,0
 Sierra Leone ,Africa," Gross domestic product per capita, constant prices ",879.78998,1004.48,1116.64,1206.04,1353.76,1348.29,1465.01,1294.45,1068.7,574.65002,699.48999,862.53998,0
 Sierra Leone ,Africa, Life expectancy ,30.33,31.57,32.77,34.110001,35.400002,36.790001,38.450001,40.009998,38.330002,39.900002,41.009998,42.57,0
 Sierra Leone ,Africa, Population ,2143249,2295678,2467895,2662190,2879013,3140897,3464522,3868905,4260884,4578212,5359092,6144562,0
 Singapore ,Asia," Gross domestic product per capita, constant prices ",2315.1399,2843.1001,3674.74,4977.4199,8597.7598,11210.09,15169.16,18861.529,24769.891,33519.48,36023.109,47143.18,0
 Singapore ,Asia, Life expectancy ,60.400002,63.18,65.800003,67.949997,69.519997,70.800003,71.760002,73.559998,75.790001,77.160004,78.769997,79.970001,0
 Singapore ,Asia, Population ,1127000,1445929,1750200,1977600,2152400,2325300,2651869,2794552,3235865,3802309,4197776,4553009,0
 Slovak Republic ,Europe," Gross domestic product per capita, constant prices ",5074.6602,6093.2598,7481.1099,8412.9004,9674.1699,10922.66,11348.55,12037.27,9498.4697,12126.23,13638.78,18678.311,0
 Slovak Republic ,Europe, Life expectancy ,64.360001,67.449997,70.330002,70.980003,70.349998,70.449997,70.800003,71.080002,71.379997,72.709999,73.800003,74.660004,0
 Slovak Republic ,Europe, Population ,3558137,3844277,4237384,4442238,4593433,4827803,5048043,5199318,5302888,5383010,5410052,5447502,0
 Slovenia ,Europe," Gross domestic product per capita, constant prices ",4215.04,5862.2798,7402.2998,9405.4902,12383.49,15277.03,17866.721,18678.529,14214.72,17161.109,20660.02,25768.26,0
 Slovenia ,Europe, Life expectancy ,65.57,67.849998,69.150002,69.18,69.82,70.970001,71.059998,72.25,73.639999,75.129997,76.660004,77.93,0
 Slovenia ,Europe, Population ,1489518,1533070,1582962,1646912,1694510,1746919,1861252,1945870,1999210,2011612,2011497,2009245,0
 Somalia ,Africa," Gross domestic product per capita, constant prices ",1135.75,1258.15,1369.49,1284.73,1254.58,1450.99,1176.8101,1093.24,926.96002,930.59998,882.08002,926.14001,0
 Somalia ,Africa, Life expectancy ,32.98,34.98,36.98,38.98,40.970001,41.970001,42.959999,44.5,39.66,43.799999,45.939999,48.16,0
 Somalia ,Africa, Population ,2526994,2780415,3080153,3428839,3840161,4353666,5828892,6921858,6099799,6633514,7753310,9118773,0
 South Africa ,Africa," Gross domestic product per capita, constant prices ",4725.2998,5487.1001,5768.73,7114.48,7765.96,8028.6499,8568.2695,7825.8198,7225.0698,7479.1899,7710.9502,9269.6602,0
 South Africa ,Africa, Life expectancy ,45.009998,47.990002,49.950001,51.93,53.700001,55.529999,58.16,60.830002,61.889999,60.240002,53.369999,49.34,0
 South Africa ,Africa, Population ,14264935,16151549,18356656,20997320,23935810,27129932,31140028,35933380,39964160,42835004,44433624,43997828,0
 Spain ,Europe," Gross domestic product per capita, constant prices ",3834.03,4564.7998,5693.8398,7993.5098,10638.75,13236.92,13926.17,15764.98,18603.061,20445.301,24835.471,28821.061,0
 Spain ,Europe, Life expectancy ,64.940002,66.660004,69.690002,71.440002,73.059998,74.389999,76.300003,76.900002,77.57,78.769997,79.779999,80.940002,0
 Spain ,Europe, Population ,28549870,29841614,31158060,32850276,34513160,36439000,37983312,38880704,39549440,39855440,40152516,40448192,0
 Sri Lanka ,Asia," Gross domestic product per capita, constant prices ",1083.53,1072.55,1074.47,1135.51,1213.4,1348.78,1648.08,1876.77,2153.74,2664.48,3015.3799,3970.1001,0
 Sri Lanka ,Asia, Life expectancy ,57.59,61.459999,62.189999,64.269997,65.040001,65.949997,68.760002,69.010002,70.379997,70.459999,70.82,72.400002,0
 Sri Lanka ,Asia, Population ,7982342,9128546,10421936,11737396,13016733,14116836,15410151,16495304,17587060,18698656,19576784,20378240,0
 Sudan ,Africa," Gross domestic product per capita, constant prices ",1615.99,1770.34,1959.59,1688,1659.65,2202.99,1895.54,1507.8199,1492.2,1632.21,1993.4,2602.3899,0
 Sudan ,Africa, Life expectancy ,38.639999,39.619999,40.869999,42.860001,45.080002,47.799999,50.34,51.740002,53.560001,55.369999,56.369999,58.560001,0
 Sudan ,Africa, Population ,8504667,9753392,11183227,12716129,14597019,17104986,20367052,24725960,28227588,32160728,37090296,42292928,0
 Swaziland ,Africa," Gross domestic product per capita, constant prices ",1148.38,1244.71,1856.1801,2613.1001,3364.8401,3781.4099,3895.3799,3984.8401,3553.02,3876.77,4128.1201,4513.48,0
 Swaziland ,Africa, Life expectancy ,41.41,43.419998,44.990002,46.630001,49.549999,52.540001,55.560001,57.68,58.470001,54.290001,43.869999,39.610001,0
 Swaziland ,Africa, Population ,290243,326741,370006,420690,480105,551425,649901,779348,962344,1054486,1130269,1133066,0
 Sweden ,Europe," Gross domestic product per capita, constant prices ",8527.8398,9911.8799,12329.44,15258.3,17832.02,18855.73,20667.381,23586.93,23880.02,25266.59,29341.631,33859.75,0
 Sweden ,Europe, Life expectancy ,71.860001,72.489998,73.370003,74.160004,74.720001,75.440002,76.419998,77.190002,78.160004,79.389999,80.040001,80.879997,0
 Sweden ,Europe, Population ,7124673,7363802,7561588,7867931,8122293,8251648,8325260,8421403,8718867,8897619,8954175,9031088,0
 Switzerland ,Europe," Gross domestic product per capita, constant prices ",14734.23,17909.49,20431.09,22966.141,27195.109,26982.289,28397.721,30281.699,31871.529,32135.32,34480.961,37506.422,0
 Switzerland ,Europe, Life expectancy ,69.620003,70.559998,71.32,72.769997,73.779999,75.389999,76.209999,77.410004,78.029999,79.370003,80.620003,81.699997,0
 Switzerland ,Europe, Population ,4815000,5126000,5666000,6063000,6401400,6316424,6468126,6649942,6995447,7193761,7361757,7554661,0
 Syria ,Asia," Gross domestic product per capita, constant prices ",1643.49,2117.23,2193.04,1881.92,2571.4199,3195.48,3761.8401,3116.77,3340.54,4014.24,4090.9299,4184.5498,0
 Syria ,Asia, Life expectancy ,45.880001,48.279999,50.310001,53.66,57.299999,61.200001,64.589996,66.970001,69.25,71.529999,73.050003,74.139999,0
 Syria ,Asia, Population ,3661549,4149908,4834621,5680812,6701172,7932503,9410494,11242847,13219062,15081016,17155814,19314748,0
 Taiwan ,Asia," Gross domestic product per capita, constant prices ",1206.95,1507.86,1822.88,2643.8601,4062.52,5596.52,7426.3501,11054.56,15215.66,20206.82,23235.42,28718.279,0
 Taiwan ,Asia, Life expectancy ,58.5,62.400002,65.199997,67.5,69.389999,70.589996,72.160004,73.400002,74.260002,75.25,76.989998,78.400002,0
 Taiwan ,Asia, Population ,8550362,10164215,11918938,13648692,15226039,16785196,18501390,19757800,20686918,21628604,22454240,23174294,0
 Tanzania ,Africa," Gross domestic product per capita, constant prices ",716.65002,698.53998,722,848.21997,915.98999,962.48999,874.23999,831.82001,825.67999,789.19,899.07001,1107.48,0
 Tanzania ,Africa, Life expectancy ,41.220001,42.970001,44.25,45.759998,47.619999,49.919998,50.610001,51.540001,50.439999,48.470001,49.650002,52.52,0
 Tanzania ,Africa, Population ,8322925,9452826,10863958,12607312,14706593,17129564,19844382,23040630,26605472,30686888,34593780,38139640,0
 Thailand ,Asia," Gross domestic product per capita, constant prices ",757.79999,793.58002,1002.2,1295.46,1524.36,1961.22,2393.22,2982.6499,4616.8999,5852.6299,5913.1899,7458.3999,0
 Thailand ,Asia, Life expectancy ,50.849998,53.630001,56.060001,58.290001,60.41,62.490002,64.599998,66.080002,67.300003,67.519997,68.559998,70.620003,0
 Thailand ,Asia, Population ,21289402,25041916,29263396,34024248,39276152,44148284,48827160,52910344,56667096,60216676,62806748,65068148,0
 Togo ,Africa," Gross domestic product per capita, constant prices ",859.81,925.90997,1067.53,1477.6,1649.66,1532.78,1344.58,1202.2,1034.3,982.28998,886.21997,882.96997,0
 Togo ,Africa, Life expectancy ,38.599998,41.209999,43.919998,46.77,49.759998,52.889999,55.470001,56.939999,58.060001,58.389999,57.560001,58.419998,0
 Togo ,Africa, Population ,1219113,1357445,1528098,1735550,2056351,2308582,2644765,3154264,3747553,4320890,4977378,5701579,0
 Trinidad and Tobago ,Americas," Gross domestic product per capita, constant prices ",3023.27,4100.3901,4997.52,5621.3701,6619.5498,7899.5498,9119.5303,7388.6001,7370.9902,8792.5703,11460.6,18008.51,0
 Trinidad and Tobago ,Americas, Life expectancy ,59.099998,61.799999,64.900002,65.400002,65.900002,68.300003,68.830002,69.580002,69.860001,69.470001,68.980003,69.82,0
 Trinidad and Tobago ,Americas, Population ,662850,764900,887498,960155,975199,1039009,1116479,1191336,1183669,1138101,1101832,1056608,0
 Tunisia ,Africa," Gross domestic product per capita, constant prices ",1468.48,1395.23,1660.3,1932.36,2753.29,3120.8799,3560.23,3810.4199,4332.7202,4876.7998,5722.8999,7092.9199,0
 Tunisia ,Africa, Life expectancy ,44.599998,47.099998,49.580002,52.049999,55.599998,59.84,64.050003,66.889999,70,71.970001,73.040001,73.919998,0
 Tunisia ,Africa, Population ,3647735,3950849,4286552,4786986,5303507,6005061,6734098,7724976,8523077,9231669,9770575,10276158,0
 Turkey ,Europe," Gross domestic product per capita, constant prices ",1969.1,2218.75,2322.8701,2826.3601,3450.7,4269.1201,4241.3599,5089.04,5678.3501,6601.4302,6508.0898,8458.2803,0
 Turkey ,Europe, Life expectancy ,43.59,48.080002,52.099998,54.34,57.009998,59.509998,61.040001,63.110001,66.150002,68.839996,70.849998,71.779999,0
 Turkey ,Europe, Population ,22235676,25670940,29788696,33411316,37492952,42404032,47328792,52881328,58179144,63047648,67308928,71158648,0
 Uganda ,Africa," Gross domestic product per capita, constant prices ",734.75,774.37,767.27002,908.91998,950.73999,843.72998,682.27002,617.71997,644.16998,816.56,927.71997,1056.38,0
 Uganda ,Africa, Life expectancy ,39.98,42.57,45.34,48.049999,51.02,50.349998,49.849998,51.509998,48.830002,44.580002,47.810001,51.540001,0
 Uganda ,Africa, Population ,5824797,6675501,7688797,8900294,10190285,11457758,12939400,15283050,18252190,21210254,24739868,29170398,0
 United Kingdom ,Europe," Gross domestic product per capita, constant prices ",9979.5098,11283.18,12477.18,14142.85,15895.12,17428.75,18232.42,21664.789,22705.09,26074.529,29479,33203.262,0
 United Kingdom ,Europe, Life expectancy ,69.18,70.419998,70.760002,71.360001,72.010002,72.760002,74.040001,75.010002,76.419998,77.220001,78.470001,79.43,0
 United Kingdom ,Europe, Population ,50430000,51430000,53292000,54959000,56079000,56179000,56339704,56981620,57866348,58808264,59912432,60776240,0
 United States ,Americas," Gross domestic product per capita, constant prices ",13990.48,14847.13,16173.15,19530.369,21806.039,24072.631,25009.561,29884.35,32003.93,35767.43,39097.102,42951.648,0
 United States ,Americas, Life expectancy ,68.440002,69.489998,70.209999,70.760002,71.339996,73.379997,74.650002,75.019997,76.089996,76.809998,77.309998,78.239998,0
 United States ,Americas, Population ,157552992,171984000,186538000,198712000,209896000,220239008,232187840,242803536,256894192,272911744,287675520,301139936,0
 Uruguay ,Americas," Gross domestic product per capita, constant prices ",5716.77,6150.77,5603.3599,5444.6201,5703.4102,6504.3398,6920.2202,7452.3999,8137,9230.2402,7727,10611.46,0
 Uruguay ,Americas, Life expectancy ,66.07,67.040001,68.25,68.470001,68.669998,69.480003,70.809998,71.919998,72.75,74.220001,75.309998,76.379997,0
 Uruguay ,Americas, Population ,2252965,2424959,2598466,2748579,2829526,2873520,2953997,3045153,3149262,3262838,3363085,3447496,0
 Venezuela ,Americas," Gross domestic product per capita, constant prices ",7689.7998,9802.4697,8422.9697,9541.4697,10505.26,13143.95,11152.41,9883.5801,10733.93,10165.5,8605.0498,11415.81,0
 Venezuela ,Americas, Life expectancy ,55.09,57.91,60.77,63.48,65.709999,67.459999,68.559998,70.190002,71.150002,72.150002,72.769997,73.75,0
 Venezuela ,Americas, Population ,5439568,6702668,8143375,9709552,11515649,13503563,15620766,17910182,20265564,22374398,24287670,26084662,0
 Vietnam ,Asia," Gross domestic product per capita, constant prices ",605.07001,676.28998,772.04999,637.12,699.5,713.53998,707.23999,820.79999,989.02002,1385.9,1764.46,2441.5801,0
 Vietnam ,Asia, Life expectancy ,40.41,42.889999,45.360001,47.84,50.25,55.759998,58.82,62.82,67.660004,70.669998,73.019997,74.25,0
 Vietnam ,Asia, Population ,26246840,28998544,33796140,39463912,44655016,50533504,56142180,62826492,69940728,76048992,80908144,85262352,0
 West Bank and Gaza ,Asia," Gross domestic product per capita, constant prices ",1515.59,1827.0699,2198.96,2649.72,3133.4099,3682.8301,4336.0298,5107.2002,6017.6499,7110.6699,4515.4902,3025.3501,0
 West Bank and Gaza ,Asia, Life expectancy ,43.16,45.669998,48.130001,51.630001,56.529999,60.77,64.410004,67.050003,69.720001,71.099998,72.370003,73.419998,0
 West Bank and Gaza ,Asia, Population ,1030585,1070439,1133134,1142636,1089572,1261091,1425876,1691210,2104779,2826046,3389578,4018332,0
" Yemen, Rep. ",Asia," Gross domestic product per capita, constant prices ",781.71997,804.83002,825.62,862.44,1265.05,1829.77,1977.5601,1971.74,1879.5,2117.48,2234.8201,2280.77,0
" Yemen, Rep. ",Asia, Life expectancy ,32.549999,33.970001,35.18,36.98,39.849998,44.18,49.110001,52.919998,55.599998,58.02,60.310001,62.700001,0
" Yemen, Rep. ",Asia, Population ,4963829,5498090,6120081,6740785,7407075,8403990,9657618,11219340,13367997,15826497,18701256,22211744,0
 Zambia ,Africa," Gross domestic product per capita, constant prices ",1147.39,1311.96,1452.73,1777.08,1773.5,1588.6899,1408.6801,1213.3199,1210.88,1071.35,1071.61,1271.21,0
 Zambia ,Africa, Life expectancy ,42.040001,44.080002,46.02,47.77,50.110001,51.389999,51.82,50.82,46.099998,40.240002,39.189999,42.380001,0
 Zambia ,Africa, Population ,2672000,3016000,3421000,3900000,4506497,5216550,6100407,7272406,8381163,9417789,10595811,11746035,0
 Zimbabwe ,Africa," Gross domestic product per capita, constant prices ",406.88,518.76001,527.27002,569.79999,799.35999,685.59003,788.85999,706.15997,693.41998,792.45001,672.03998,469.70999,0
 Zimbabwe ,Africa, Life expectancy ,48.450001,50.470001,52.360001,54,55.639999,57.669998,60.360001,62.349998,60.380001,46.810001,39.990002,43.490002,0
 Zimbabwe ,Africa, Population ,3080907,3646340,4277736,4995432,5861135,6642107,7636524,9216418,10704340,11404948,11926563,12311143,0
