country,continent,subject,v4,v5,v6,v7,v8,v9,v10,v11,v12,v13,v14,v15
 Afghanistan , Asia ," Gross domestic product per capita, constant prices ",,820.85,853.1,836.2,739.98,786.11,978.01,852.4,649.34,635.34,726.73,974.58
 Afghanistan , Asia , Life expectancy ,28.8,30.33,32,34.02,36.09,38.44,39.85,40.82,41.67,41.76,42.13,43.83
 Afghanistan , Asia , Life expectancy ,28.8,30.33,32,34.02,36.09,38.44,39.85,40.82,41.67,41.76,42.13,43.83
 Afghanistan , Asia, Population ,,9240934,10267083,11537966,13079460,14880372,12881816,13867957,16317921,22227415,25268405,31889923
 Albania , Europe ," Gross domestic product per capita, constant prices ",-99,1942.28,2312.89,2760.2,3313.42,3533,3630.88,3738.93,2497.44,3193.05,4604.21,5937.03
 Albania , Europe , Life expectancy ,55.23,59.28,64.81999999999999,66.22,67.69,68.93000000000001,70.42,72,71.58,72.95,75.65000000000001,76.42
 Albania ,  Europe , Population ,,1476505,1728137,1984060,2263554,2509048,2780097,3075321,3326498,3428038,3508512,3600523
 Algeria , Africa ," Gross domestic product per capita, constant prices ",,3013.98,2550.82,3246.99,4182.66,4910.42,5745.16,5681.36,5023.22,4797.3,5288.04,6223.37
 Algeria , Africa , Life expectancy ,43.08,45.69,48.3,51.41,54.52,58.01,61.37,65.8,67.73999999999999,69.15000000000001,70.98999999999999,72.3
 Algeria , Africa , Population ,,10270856,11000948,12760499,14760787,17152804,20033753,23254956,26298373,29072015,31287142,33333216
 Angola ,  Africa ," Gross domestic product per capita, constant prices ",,3827.94,4269.28,5522.78,5473.29,3008.65,2756.95,2430.21,2627.85,2277.14,2773.29,4797.23
 Angola , Africa , Life expectancy ,30.02,32,34,35.99,37.93,39.48,39.94,39.91,40.65,40.96,41,42.73
 Angola , Africa , Population ,,4561361,4826015,5247469,5894858,6162675,7016384,7874230,8735988,9875024,10866106,12420476
 Argentina , Americas ," Gross domestic product per capita, constant prices ",,6856.86,7133.17,8052.95,9443.040000000001,10079.03,8997.9,9139.67,9308.42,10967.28,8797.639999999999,12779.38
 Argentina , Americas , Life expectancy ,62.49,64.40000000000001,65.14,65.63,67.06999999999999,68.48,69.94,70.77,71.87,73.28,74.34,75.31999999999999
 Argentina , Americas , Population ,,19610538,21283783,22934225,24779799,26983828,29341374,31620918,33958947,36203463,38331121,40301927
 Australia , Oceania ," Gross domestic product per capita, constant prices ",,10949.65,12217.23,14526.12,16788.63,18334.2,19477.01,21888.89,23424.77,26997.94,30687.75,34435.37
 Australia , Oceania , Life expectancy ,69.12,70.33,70.93000000000001,71.09999999999999,71.93000000000001,73.48999999999999,74.73999999999999,76.31999999999999,77.56,78.83,80.37,81.23999999999999
 Australia , Oceania , Population ,,9712569,10794968,11872264,13177000,14074100,15184200,16257249,17481977,18565243,19546792,20434176
 Austria , Europe ," Gross domestic product per capita, constant prices ",,8842.6,10750.72,12834.6,16661.63,19749.42,21597.08,23687.83,27042.02,29095.92,32417.61,36126.49
 Austria , Europe , Life expectancy ,66.8,67.48,69.54000000000001,70.14,70.63,72.17,73.18000000000001,74.94,76.04000000000001,77.51000000000001,78.98,79.83
 Austria , Europe , Population ,,6965860,7129864,7376998,7544201,7568430,7574613,7578903,7914969,8069876,8148312,8199783
 Bahrain ,  Asia ," Gross domestic product per capita, constant prices ",,11635.8,12753.28,14804.67,18268.66,19340.1,19211.15,18524.02,19035.58,20292.02,23403.56,29796.05
 Bahrain ,  Asia , Life expectancy ,50.94,53.83,56.92,59.92,63.3,65.59,69.05,70.75,72.59999999999999,73.93000000000001,74.8,75.64
 Bahrain , Asia , Population ,,138655,171863,202182,230800,297410,377967,454612,529491,598561,656397,708573
 Bangladesh ,  Asia ," Gross domestic product per capita, constant prices ",-99,661.64,686.34,721.1900000000001,630.23,659.88,676.98,751.98,837.8099999999999,972.77,1136.39,1391.25
 Bangladesh ,  Asia , Life expectancy ,37.48,39.35,41.22,43.45,45.25,46.92,50.01,52.82,56.02,59.41,62.01,64.06
 Bangladesh , Asia , Population ,,51365468,56839289,62821884,70759295,80428306,93074406,103764241,113704579,123315288,135656790,150448339
 Belgium , Europe ," Gross domestic product per capita, constant prices ",,9714.959999999999,10991.21,13149.04,16672.14,19117.97,20979.85,22525.56,25575.57,27561.2,30485.88,33692.61
 Belgium , Europe , Life expectancy ,68,69.23999999999999,70.25,70.94,71.44,72.8,73.93000000000001,75.34999999999999,76.45999999999999,77.53,78.31999999999999,79.44
 Belgium , Europe , Population ,,8989111,9218400,9556500,9709100,9821800,9856303,9870200,10045622,10199787,10311970,10392226
 Benin ,  Africa  ," Gross domestic product per capita, constant prices ",,959.6,949.5,1035.83,1085.8,1029.16,1277.9,1225.86,1191.21,1232.98,1372.88,1441.28
 Benin , Africa , Life expectancy ,38.22,40.36,42.62,44.89,47.01,49.19,50.9,52.34,53.92,54.78,54.41,56.73
 Benin ,  Africa, Population ,,1925173,2151895,2427334,2761407,3168267,3641603,4243788,4981671,6066080,7026113,8078314
 Bolivia , Americas ," Gross domestic product per capita, constant prices ",,2127.69,2180.97,2586.89,2980.33,3548.1,3156.51,2753.69,2961.7,3326.14,3413.26,3822.14
 Bolivia , Americas , Life expectancy ,40.41,41.89,43.43,45.03,46.71,50.02,53.86,57.25,59.96,62.05,63.88,65.55
 Bolivia , Americas , Population ,,3211738,3593918,4040665,4565872,5079716,5642224,6156369,6893451,7693188,8445134,9119152
 Bosnia and Herzegovina , Europe ," Gross domestic product per capita, constant prices ",973.53,1353.99,1709.68,2172.35,2860.17,3528.48,4126.61,4314.11,2546.78,4766.36,6018.98,7446.3
 Bosnia and Herzegovina , Europe , Life expectancy ,53.82,58.45,61.93,64.79000000000001,67.45,69.86,70.69,71.14,72.18000000000001,73.23999999999999,74.09,74.84999999999999
 Bosnia and Herzegovina , Europe , Population ,,3076000,3349000,3585000,3819000,4086000,4172693,4338977,4256013,3607000,4165416,4552198
 Botswana , Africa ," Gross domestic product per capita, constant prices ",851.24,918.23,983.65,1214.71,2263.61,3214.86,4551.14,6205.88,7954.11,8647.139999999999,11003.61,12569.85
 Botswana , Africa , Life expectancy ,47.62,49.62,51.52,53.3,56.02,59.32,61.48,63.62,62.75,52.56,46.63,50.73
 Botswana , Africa , Population ,,474639,512764,553541,619351,781472,970347,1151184,1342614,1536536,1630347,1639131
 Brazil , Americas ," Gross domestic product per capita, constant prices ",,2487.37,3336.59,3429.86,4985.71,6660.12,7030.84,7807.1,6950.28,7957.98,8131.21,9065.799999999999
 Brazil , Americas , Life expectancy ,50.92,53.29,55.67,57.63,59.5,61.49,63.34,65.20999999999999,67.06,69.39,71.01000000000001,72.39
 Brazil , Americas , Population ,,65551171,76039390,88049823,100840058,114313951,128962939,142938076,155975974,168546719,179914212,190010647
 Bulgaria , Europe ," Gross domestic product per capita, constant prices ",,3008.67,4254.34,5577,6597.49,7612.24,8224.190000000001,8239.85,6302.62,5970.39,7696.78,10680.79
 Bulgaria , Europe , Life expectancy ,59.6,66.61,69.51000000000001,70.42,70.90000000000001,70.81,71.08,71.34,71.19,70.31999999999999,72.14,73.01000000000001
 Bulgaria , Europe , Population ,,7651254,8012946,8310226,8576200,8797022,8892098,8971958,8658506,8066057,7661799,7322858
 Burkina Faso , Africa ," Gross domestic product per capita, constant prices ",-99,617.18,722.51,794.83,854.74,743.39,807.2,912.0599999999999,931.75,946.29,1037.65,1217.03
 Burkina Faso , Africa , Life expectancy ,31.98,34.91,37.81,40.7,43.59,46.14,48.12,49.56,50.26,50.32,50.65,52.3
 Burkina Faso , Africa , Population ,,4713416,4919632,5127935,5433886,5889574,6634596,7586551,8878303,10352843,12251209,14326203
 Burundi , Africa ," Gross domestic product per capita, constant prices ",339.3,379.56,355.2,412.98,464.1,556.1,559.6,621.8200000000001,631.7,463.12,446.4,430.07
 Burundi , Africa , Life expectancy ,39.03,40.53,42.05,43.55,44.06,45.91,47.47,48.21,44.74,45.33,47.36,49.58
 Burundi , Africa , Population ,,2667518,2961915,3330989,3529983,3834415,4580410,5126023,5809236,6121610,7021078,8390505
 Cambodia , Asia ," Gross domestic product per capita, constant prices ",-99,434.04,496.91,523.43,421.62,524.97,624.48,683.9,682.3,734.29,896.23,1713.78
 Cambodia , Asia , Life expectancy ,39.42,41.37,43.42,45.42,40.32,31.22,50.96,53.91,55.8,56.53,56.75,59.72
 Cambodia , Asia , Population ,,5322536,6083619,6960067,7450606,6978607,7272485,8371791,10150094,11782962,12926707,14131858
 Cameroon , Africa ," Gross domestic product per capita, constant prices ",,1313.05,1399.61,1508.45,1684.15,1783.43,2367.98,2602.66,1793.16,1694.34,1934.01,2042.1
 Cameroon , Africa , Life expectancy ,38.52,40.43,42.64,44.8,47.05,49.36,52.96,54.99,54.31,52.2,49.86,50.43
 Cameroon , Africa , Population ,,5359923,5793633,6335506,7021028,7959865,9250831,10780667,12467171,14195809,15929988,17696293
 Canada , Americas ," Gross domestic product per capita, constant prices ",,12489.95,13462.49,16076.59,18970.57,22090.88,22898.79,26626.52,26342.88,28954.93,33328.97,36319.24
 Canada , Americas , Life expectancy ,68.75,69.95999999999999,71.3,72.13,72.88,74.20999999999999,75.76000000000001,76.86,77.95,78.61,79.77,80.65000000000001
 Canada , Americas , Population ,,17010154,18985849,20819767,22284500,23796400,25201900,26549700,28523502,30305843,31902268,33390141
 Central African Republic , Africa ," Gross domestic product per capita, constant prices ",,1190.84,1193.07,1136.06,1070.01,1109.37,956.75,844.88,747.91,740.51,738.6900000000001,706.02
 Central African Republic , Africa , Life expectancy ,35.46,37.46,39.48,41.48,43.46,46.78,48.3,50.49,49.4,46.07,43.31,44.74
 Central African Republic , Africa , Population ,,1392284,1523478,1733638,1927260,2167533,2476971,2840009,3265124,3696513,4048013,4369038
 Chad , Africa ," Gross domestic product per capita, constant prices ",,1308.5,1389.82,1196.81,1104.1,1133.98,797.91,952.39,1058.06,1004.96,1156.18,1704.06
 Chad , Africa , Life expectancy ,38.09,39.88,41.72,43.6,45.57,47.38,49.52,51.05,51.72,51.57,50.53,50.65
 Chad , Africa , Population ,,2894855,3150417,3495967,3899068,4388260,4875118,5498955,6429417,7562011,8835739,10238807
 Chile , Americas ," Gross domestic product per capita, constant prices ",,4315.62,4519.09,5106.65,5494.02,4756.76,5095.67,5547.06,7596.13,10118.05,10778.78,13171.64
 Chile , Americas , Life expectancy ,54.75,56.07,57.92,60.52,63.44,67.05,70.56999999999999,72.48999999999999,74.13,75.81999999999999,77.86,78.55
 Chile , Americas , Population ,,7048426,7961258,8858908,9717524,10599793,11487112,12463354,13572994,14599929,15497046,16284741
 China , Asia ," Gross domestic product per capita, constant prices ",400.45,575.99,487.67,612.71,676.9,741.24,962.42,1378.9,1655.78,2289.23,3119.28,4959.11
 China , Asia , Life expectancy ,44,50.55,44.5,58.38,63.12,63.97,65.53,67.27,68.69,70.43000000000001,72.03,72.95999999999999
 China , Asia , Population ,,637408000,665770000,754550000,862030000,943455000,1000281000,1084035000,1164970000,1230075000,1280400000,1318683096
 Colombia , Americas ," Gross domestic product per capita, constant prices ",,2323.81,2492.35,2678.73,3264.66,3815.81,4397.58,4903.22,5444.65,6117.36,5755.26,7006.58
 Colombia , Americas , Life expectancy ,50.64,55.12,57.86,59.96,61.62,63.84,66.65000000000001,67.77,68.42,70.31,71.68000000000001,72.89
 Colombia , Americas , Population ,,14485993,17009885,19764027,22542890,25094412,27764644,30964245,34202721,37657830,41008227,44227550
 Comoros , Africa ," Gross domestic product per capita, constant prices ",,1211.15,1406.65,1876.03,1937.58,1172.6,1267.1,1315.98,1246.91,1173.62,1075.81,986.15
 Comoros , Africa , Life expectancy ,40.72,42.46,44.47,46.47,48.94,50.94,52.93,54.93,57.94,60.66,62.97,65.15000000000001
 Comoros , Africa , Population ,,170928,191689,217378,250027,304739,348643,395114,454429,527982,614382,710960
" Congo, Dem. Rep. ", Africa ," Gross domestic product per capita, constant prices ",-99,905.86,896.3099999999999,861.59,904.9,795.76,673.75,672.77,457.72,312.19,241.17,277.55
" Congo, Dem. Rep. ", Africa , Life expectancy ,39.14,40.65,42.12,44.06,45.99,47.8,47.78,47.41,45.55,42.59,44.97,46.46
" Congo, Dem. Rep. ", Africa , Population ,,15577932,17486434,19941073,23007669,26480870,30646495,35481645,41672143,47798986,55379852,64606759
" Congo, Rep. ", Africa ," Gross domestic product per capita, constant prices ",,2315.06,2464.78,2677.94,3213.15,3259.18,4879.51,4201.19,4016.24,3484.16,3484.06,3632.56
" Congo, Rep. ", Africa , Life expectancy ,42.11,45.05,48.44,52.04,54.91,55.63,56.7,57.47,56.43,52.96,52.97,55.32
" Congo, Rep. ", Africa , Population ,,940458,1047924,1179760,1340458,1536769,1774735,2064095,2409073,2800947,3328795,3800610
 Costa Rica , Americas ," Gross domestic product per capita, constant prices ",,2990.01,3460.94,4161.73,5118.15,5926.88,5262.73,5629.92,6160.42,6677.05,7723.45,9645.059999999999
 Costa Rica , Americas , Life expectancy ,57.21,60.03,62.84,65.42,67.84999999999999,70.75,73.45,74.75,75.70999999999999,77.26000000000001,78.12,78.78
 Costa Rica , Americas , Population ,,1112300,1345187,1588717,1834796,2108457,2424367,2799811,3173216,3518107,3834934,4133884
 Cote d'Ivoire , Africa ," Gross domestic product per capita, constant prices ",,1500.9,1728.87,2052.05,2378.2,2517.74,2602.71,2156.96,1648.07,1786.27,1648.8,1544.75
 Cote d'Ivoire , Africa , Life expectancy ,40.48,42.47,44.93,47.35,49.8,52.37,53.98,54.66,52.04,47.99,46.83,48.33
 Cote d'Ivoire , Africa , Population ,,3300000,3832408,4744870,6071696,7459574,9025951,10761098,12772596,14625967,16252726,18013409
 Croatia , Europe ," Gross domestic product per capita, constant prices ",,4338.23,5477.89,6960.3,9164.09,11305.39,13221.82,13822.58,8447.790000000001,9875.6,11628.39,14619.22
 Croatia , Europe , Life expectancy ,61.21,64.77,67.13,68.5,69.61,70.64,70.45999999999999,71.52,72.53,73.68000000000001,74.88,75.75
 Croatia , Europe , Population ,,3991242,4076557,4174366,4225310,4318673,4413368,4484310,4494013,4444595,4481020,4493312
 Cuba , Americas ," Gross domestic product per capita, constant prices ",,6092.17,5180.76,5690.27,5305.45,6380.49,7316.92,7532.92,5592.84,5431.99,6340.65,8948.1
 Cuba , Americas , Life expectancy ,59.42,62.33,65.25,68.29000000000001,70.72,72.65000000000001,73.72,74.17,74.41,76.15000000000001,77.16,78.27
 Cuba , Americas , Population ,,6640752,7254373,8139332,8831348,9537988,9789224,10239839,10723260,10983007,11226999,11416987
 Czech Republic , Europe ," Gross domestic product per capita, constant prices ",,8256.34,10136.87,11399.44,13108.45,14800.16,15377.23,16310.44,14297.02,16048.51,17596.21,22833.31
 Czech Republic , Europe , Life expectancy ,66.87,69.03,69.90000000000001,70.38,70.29000000000001,70.70999999999999,70.95999999999999,71.58,72.40000000000001,74.01000000000001,75.51000000000001,76.48999999999999
 Czech Republic , Europe , Population ,,9513758,9620282,9835109,9862158,10161915,10303704,10311597,10315702,10300707,10256295,10228744
 Denmark , Europe ," Gross domestic product per capita, constant prices ",,11099.66,13583.31,15937.21,18866.21,20422.9,21688.04,25116.18,26406.74,29804.35,32166.5,35278.42
 Denmark , Europe , Life expectancy ,70.78,71.81,72.34999999999999,72.95999999999999,73.47,74.69,74.63,74.8,75.33,76.11,77.18000000000001,78.33
 Denmark , Europe , Population ,,4487831,4646899,4838800,4991596,5088419,5117810,5127024,5171393,5283663,5374693,5468120
 Djibouti , Africa ," Gross domestic product per capita, constant prices ",,2864.97,3020.99,3020.05,3694.21,3081.76,2879.47,2880.1,2377.16,1895.02,1908.26,2082.48
 Djibouti , Africa , Life expectancy ,34.81,37.33,39.69,42.07,44.37,46.52,48.81,50.04,51.6,53.16,53.37,54.79
 Djibouti , Africa , Population ,,71851,89898,127617,178848,228694,305991,311025,384156,417908,447416,496374
 Dominican Republic , Americas ," Gross domestic product per capita, constant prices ",,1544.4,1662.14,1653.72,2189.87,2681.99,2861.09,2899.84,3044.21,3614.1,4563.81,6025.37
 Dominican Republic , Americas , Life expectancy ,45.93,49.83,53.46,56.75,59.63,61.79,63.73,66.05,68.45999999999999,69.95999999999999,70.84999999999999,72.23999999999999
 Dominican Republic , Americas , Population ,,2923186,3453434,4049146,4671329,5302800,5968349,6655297,7351181,7992357,8650322,9319622
 Ecuador , Americas ," Gross domestic product per capita, constant prices ",,3780.55,4086.11,4579.07,5280.99,6679.62,7213.79,6481.78,7103.7,7429.46,5773.04,6873.26
 Ecuador , Americas , Life expectancy ,48.36,51.36,54.64,56.68,58.8,61.31,64.34,67.23,69.61,72.31,74.17,74.98999999999999
 Ecuador , Americas , Population ,,4058385,4681707,5432424,6298651,7278866,8365850,9545158,10748394,11911819,12921234,13755680
 Egypt , Africa ," Gross domestic product per capita, constant prices ",,1458.92,1693.34,1814.88,2024.01,2785.49,3503.73,3885.46,3794.76,4173.18,4754.6,5581.18
 Egypt , Africa , Life expectancy ,41.89,44.44,46.99,49.29,51.14,53.32,56.01,59.8,63.67,67.22,69.81,71.34
 Egypt , Africa , Population ,,25009741,28173309,31681188,34807417,38783863,45681811,52799062,59402198,66134291,73312559,80264543
 El Salvador , Americas ," Gross domestic product per capita, constant prices ",,3421.52,3776.8,4358.6,4520.25,5138.92,4098.34,4140.44,4444.23,5154.83,5351.57,5728.35
 El Salvador , Americas , Life expectancy ,45.26,48.57,52.31,55.86,58.21,56.7,56.6,63.15,66.8,69.54000000000001,70.73,71.88
 El Salvador , Americas , Population ,,2355805,2747687,3232927,3790903,4282586,4474873,4842194,5274649,5783439,6353681,6939688
 Equatorial Guinea , Africa ," Gross domestic product per capita, constant prices ",375.64,426.1,582.84,915.6,672.41,958.5700000000001,927.83,966.9,1132.06,2814.48,7703.5,12154.09
 Equatorial Guinea , Africa , Life expectancy ,34.48,35.98,37.49,38.99,40.52,42.02,43.66,45.66,47.55,48.25,49.35,51.58
 Equatorial Guinea , Africa , Population ,,232922,249220,259864,277603,192675,285483,341244,387838,439971,495627,551201
 Eritrea , Africa ," Gross domestic product per capita, constant prices ",328.94,344.16,381,468.79,514.3200000000001,505.75,524.88,521.13,582.86,913.47,765.35,641.37
 Eritrea , Africa , Life expectancy ,35.93,38.05,40.16,42.19,44.14,44.54,43.89,46.45,49.99,53.38,55.24,58.04
 Eritrea , Africa , Population ,,1542611,1666618,1820319,2260187,2512642,2637297,2915959,3668440,4058319,4414865,4906585
 Ethiopia , Africa ," Gross domestic product per capita, constant prices ",362.15,378.9,419.46,516.12,566.24,556.8099999999999,577.86,573.74,421.35,515.89,530.05,690.8099999999999
 Ethiopia , Africa , Life expectancy ,34.08,36.67,40.06,42.12,43.52,44.51,44.92,46.68,48.09,49.4,50.73,52.95
 Ethiopia , Africa , Population ,,22815614,25145372,27860297,30770372,34617799,38111756,42999530,52088559,59861301,67946797,76511887
 Finland , Europe ," Gross domestic product per capita, constant prices ",,7545.42,9371.84,10921.64,14358.88,15605.42,18533.16,21141.01,20647.16,23723.95,28204.59,33207.08
 Finland , Europe , Life expectancy ,66.55,67.48999999999999,68.75,69.83,70.87,72.52,74.55,74.83,75.7,77.13,78.37,79.31
 Finland , Europe , Population ,,4324000,4491443,4605744,4639657,4738902,4826933,4931729,5041039,5134406,5193039,5238460
 France , Europe ," Gross domestic product per capita, constant prices ",,8662.83,10560.49,12999.92,16107.19,18292.64,20293.9,22066.44,24703.8,25889.78,28926.03,30470.02
 France , Europe , Life expectancy ,67.41,68.93000000000001,70.51000000000001,71.55,72.38,73.83,74.89,76.34,77.45999999999999,78.64,79.59,80.66
 France , Europe , Population ,,44310863,47124000,49569000,51732000,53165019,54433565,55630100,57374179,58623428,59925035,61083916
 Gabon , Africa ," Gross domestic product per capita, constant prices ",,4976.2,6631.46,8358.76,11401.95,21745.57,15113.36,11864.41,13522.16,14722.84,12521.71,13206.48
 Gabon , Africa , Life expectancy ,37,39,40.49,44.6,48.69,52.79,56.56,60.19,61.37,60.46,56.76,56.74
 Gabon , Africa , Population ,,434904,455661,489004,537977,706367,753874,880397,985739,1126189,1299304,1454867
 Gambia , Africa ," Gross domestic product per capita, constant prices ",485.23,520.93,599.65,734.78,756.09,884.76,835.8099999999999,611.66,665.62,653.73,660.59,752.75
 Gambia , Africa , Life expectancy ,30,32.07,33.9,35.86,38.31,41.84,45.58,49.27,52.64,55.86,58.04,59.45
 Gambia , Africa , Population ,,323150,374020,439593,517101,608274,715523,848406,1025384,1235767,1457766,1688359
 Germany , Europe ," Gross domestic product per capita, constant prices ",,10187.83,12902.46,14745.63,18016.18,20512.92,22031.53,24639.19,26505.3,27788.88,30035.8,32170.37
 Germany , Europe , Life expectancy ,67.5,69.09999999999999,70.3,70.8,71,72.5,73.8,74.84999999999999,76.06999999999999,77.34,78.67,79.41
 Germany , Europe , Population ,,71019069,73739117,76368453,78717088,78160773,78335266,77718298,80597764,82011073,82350671,82400996
 Ghana , Africa ," Gross domestic product per capita, constant prices ",911.3,1043.56,1190.04,1125.7,1178.22,993.22,876.03,847.01,925.0599999999999,1005.25,1111.98,1327.61
 Ghana , Africa , Life expectancy ,43.15,44.78,46.45,48.07,49.88,51.76,53.74,55.73,57.5,58.56,58.45,60.02
 Ghana , Africa , Population ,,6391288,7355248,8490213,9354120,10538093,11400338,14168101,16278738,18418288,20550751,22873338
 Greece , Europe ," Gross domestic product per capita, constant prices ",,4916.3,6017.19,8513.1,12724.83,14195.52,15268.42,16120.53,17541.5,18747.7,22514.25,27538.41
 Greece , Europe , Life expectancy ,65.86,67.86,69.51000000000001,71,72.34,73.68000000000001,75.23999999999999,76.67,77.03,77.87,78.26000000000001,79.48
 Greece , Europe , Life expectancy ,65.86,67.86,69.51000000000001,71,72.34,73.68000000000001,75.23999999999999,76.67,77.03,77.87,78.26000000000001,79.48
 Greece , Europe , Population ,,8096218,8448233,8716441,8888628,9308479,9786480,9974490,10325429,10502372,10603863,10706290
 Guatemala , Americas ," Gross domestic product per capita, constant prices ",,2617.16,2750.36,3242.53,4031.41,4879.99,4820.49,4246.49,4439.45,4684.31,4858.35,5186.05
 Guatemala , Americas , Life expectancy ,42.02,44.14,46.95,50.02,53.74,56.03,58.14,60.78,63.37,66.31999999999999,68.98,70.26000000000001
 Guatemala , Americas , Population ,,3640876,4208858,4690773,5149581,5703430,6395630,7326406,8486949,9803875,11178650,12572928
 Guinea , Africa ," Gross domestic product per capita, constant prices ",510.2,576.27,686.37,708.76,741.67,874.6900000000001,857.25,805.5700000000001,794.35,869.45,945.58,942.65
 Guinea , Africa , Life expectancy ,33.61,34.56,35.75,37.2,38.84,40.76,42.89,45.55,48.58,51.46,53.68,56.01
 Guinea , Africa , Population ,,2876726,3140003,3451418,3811387,4227026,4710497,5650262,6990574,8048834,8807818,9947814
 Guinea-Bissau , Africa ," Gross domestic product per capita, constant prices ",299.85,431.79,522.03,715.58,820.22,764.73,838.12,736.42,745.54,796.66,575.7,579.23
 Guinea-Bissau , Africa , Life expectancy ,32.5,33.49,34.49,35.49,36.49,37.47,39.33,41.25,43.27,44.87,45.5,46.39
 Guinea-Bissau , Africa , Population ,,601095,627820,601287,625361,745228,825987,927524,1050938,1193708,1332459,1472041
 Haiti , Americas ," Gross domestic product per capita, constant prices ",,1726.89,1796.59,1452.06,1654.46,1874.3,2011.16,1823.02,1456.31,1341.73,1270.36,1201.64
 Haiti , Americas , Life expectancy ,37.58,40.7,43.59,46.24,48.04,49.92,51.46,53.64,55.09,56.67,58.14,60.92
 Haiti , Americas , Population ,,3507701,3880130,4318137,4698301,4908554,5198399,5756203,6326682,6913545,7607651,8502814
 Honduras , Americas ," Gross domestic product per capita, constant prices ",,2220.49,2291.16,2538.27,2529.84,3203.21,3121.76,3023.1,3081.69,3160.45,3099.73,3548.33
 Honduras , Americas , Life expectancy ,41.91,44.67,48.04,50.92,53.88,57.4,60.91,64.48999999999999,66.40000000000001,67.66,68.56999999999999,70.2
 Honduras , Americas , Population ,,1770390,2090162,2500689,2965146,3055235,3669448,4372203,5077347,5867957,6677328,7483763
" Hong Kong, China ", Asia ," Gross domestic product per capita, constant prices ",,3629.08,4692.65,6197.96,8315.93,11186.14,14560.53,20038.47,24757.6,28377.63,30209.02,39724.98
" Hong Kong, China ", Asia , Life expectancy ,60.96,64.75,67.65000000000001,70,72,73.59999999999999,75.45,76.2,77.59999999999999,80,81.5,82.20999999999999
" Hong Kong, China ", Asia , Population ,,2736300,3305200,3722800,4115700,4583700,5264500,5584510,5829696,6495918,6762476,6980412
 Hungary , Europe ," Gross domestic product per capita, constant prices ",,6040.18,7550.36,9326.639999999999,10168.66,11674.84,12545.99,12986.48,10535.63,11712.78,14843.94,18008.94
 Hungary , Europe , Life expectancy ,64.03,66.41,67.95999999999999,69.5,69.76000000000001,69.95,69.39,69.58,69.17,71.04000000000001,72.59,73.34
 Hungary , Europe , Population ,,9839000,10063000,10223422,10394091,10637171,10705535,10612740,10348684,10244684,10083313,9956108
 Iceland , Europe ," Gross domestic product per capita, constant prices ",,9244,10350.16,13319.9,15798.06,19654.96,23269.61,26923.21,25144.39,28061.1,31163.2,36180.79
 Iceland , Europe , Life expectancy ,72.48999999999999,73.47,73.68000000000001,73.73,74.45999999999999,76.11,76.98999999999999,77.23,78.77,78.95,80.5,81.76000000000001
 Iceland , Europe , Population ,,165110,182053,198676,209275,221823,233997,244676,259012,271192,288030,301931
 India , Asia ," Gross domestic product per capita, constant prices ",546.5700000000001,590.0599999999999,658.35,700.77,724.03,813.34,855.72,976.51,1164.41,1458.82,1746.77,2452.21
 India , Asia , Life expectancy ,37.37,40.25,43.61,47.19,50.65,54.21,56.6,58.55,60.22,61.77,62.88,64.7
 India , Asia , Population ,,409000000,454000000,506000000,567000000,634000000,708000000,788000000,872000000,959000000,1034172547,1110396331
 Indonesia , Asia ," Gross domestic product per capita, constant prices ",749.68,858.9,849.29,762.43,1111.11,1382.7,1516.87,1748.36,2383.14,3119.34,2873.91,3540.65
 Indonesia , Asia , Life expectancy ,37.47,39.92,42.52,45.96,49.2,52.7,56.16,60.14,62.68,66.04000000000001,68.59,70.65000000000001
 Indonesia , Asia , Population ,,90124000,99028000,109343000,121282000,136725000,153343000,169276000,184816000,199278000,211060000,223547000
 Iran , Asia ," Gross domestic product per capita, constant prices ",,3290.26,4187.33,5906.73,9613.82,11888.6,7608.33,6642.88,7235.65,8263.59,9240.76,11605.71
 Iran , Asia , Life expectancy ,44.87,47.18,49.33,52.47,55.23,57.7,59.62,63.04,65.73999999999999,68.04000000000001,69.45,70.95999999999999
 Iran , Asia , Population ,,19792000,22874000,26538000,30614000,35480679,43072751,51889696,60397973,63327987,66907826,69453570
 Iraq , Asia ," Gross domestic product per capita, constant prices ",,6229.33,8341.74,8931.459999999999,9576.040000000001,14688.24,14517.91,11643.57,3745.64,3076.24,4390.72,4471.06
 Iraq , Asia , Life expectancy ,45.32,48.44,51.46,54.46,56.95,60.41,62.04,65.04000000000001,59.46,58.81,57.05,59.55
 Iraq , Asia , Population ,,6248643,7240260,8519282,10061506,11882916,14173318,16543189,17861905,20775703,24001816,27499638
 Ireland , Europe ," Gross domestic product per capita, constant prices ",,5599.08,6631.6,7655.57,9530.77,11150.98,12618.32,13872.87,17558.82,24521.95,34077.05,40676
 Ireland , Europe , Life expectancy ,66.91,68.90000000000001,70.29000000000001,71.08,71.28,72.03,73.09999999999999,74.36,75.47,76.12,77.78,78.89
 Ireland , Europe , Population ,,2878220,2830000,2900100,3024400,3271900,3480000,3539900,3557761,3667233,3879155,4109086
 Israel , Asia ," Gross domestic product per capita, constant prices ",,5385.28,7105.63,8393.74,12786.93,13306.62,15367.03,17122.48,18051.52,20896.61,21905.6,25523.28
 Israel , Asia , Life expectancy ,65.39,67.84,69.39,70.75,71.63,73.06,74.45,75.59999999999999,76.93000000000001,78.27,79.7,80.75
 Israel , Asia , Life expectancy ,65.39,67.84,69.39,70.75,71.63,73.06,74.45,75.59999999999999,76.93000000000001,78.27,79.7,80.75
 Israel , Asia , Population ,,1944401,2310904,2693585,3095893,3495918,3858421,4203148,4936550,5531387,6029529,6426679
 Italy , Europe ," Gross domestic product per capita, constant prices ",,6248.66,8243.58,10022.4,12269.27,14255.98,16537.48,19207.23,22013.64,24675.02,27968.1,28569.72
 Italy , Europe , Life expectancy ,65.94,67.81,69.23999999999999,71.06,72.19,73.48,74.98,76.42,77.44,78.81999999999999,80.23999999999999,80.55
 Italy , Europe , Population ,,49182000,50843200,52667100,54365564,56059245,56535636,56729703,56840847,57479469,57926999,58147733
 Jamaica , Americas ," Gross domestic product per capita, constant prices ",,4756.53,5246.11,6124.7,7433.89,6650.2,6068.05,6351.24,7404.92,7121.92,6994.77,7320.88
 Jamaica , Americas , Life expectancy ,58.53,62.61,65.61,67.51000000000001,69,70.11,71.20999999999999,71.77,71.77,72.26000000000001,72.05,72.56999999999999
 Jamaica , Americas , Population ,,1535090,1665128,1861096,1997616,2156814,2298309,2326606,2378618,2531311,2664659,2780132
 Japan , Asia ," Gross domestic product per capita, constant prices ",,4317.69,6576.65,9847.790000000001,14778.79,16610.38,19384.11,22375.94,26824.9,28816.58,28604.59,31656.07
 Japan , Asia , Life expectancy ,63.03,65.5,68.73,71.43000000000001,73.42,75.38,77.11,78.67,79.36,80.69,82,82.59999999999999
 Japan , Asia , Population ,,91563009,95831757,100825279,107188273,113872473,118454974,122091325,124329269,125956499,127065841,127467972
 Jordan , Asia ," Gross domestic product per capita, constant prices ",,1886.08,2348.01,2741.8,2110.86,2852.35,4161.42,4448.68,3431.59,3645.38,3844.92,4519.46
 Jordan , Asia , Life expectancy ,43.16,45.67,48.13,51.63,56.53,61.13,63.74,65.87,68.02,69.77,71.26000000000001,72.54000000000001
 Jordan , Asia , Population ,,746559,933559,1255058,1613551,1937652,2347031,2820042,3867409,4526235,5307470,6053193
 Kenya , Africa ," Gross domestic product per capita, constant prices ",853.54,944.4400000000001,896.97,1056.74,1222.36,1267.61,1348.23,1361.94,1341.92,1360.49,1287.51,1463.25
 Kenya , Africa , Life expectancy ,42.27,44.69,47.95,50.65,53.56,56.16,58.77,59.34,59.29,54.41,50.99,54.11
 Kenya , Africa , Population ,,7454779,8678557,10191512,12044785,14500404,17661452,21198082,25020539,28263827,31386842,35610177
" Korea, Dem. Rep. ", Asia ," Gross domestic product per capita, constant prices ",,1571.13,1621.69,2143.54,3701.62,4106.3,4106.53,4106.49,3726.06,1690.76,1646.76,1593.07
" Korea, Dem. Rep. ", Asia , Life expectancy ,50.06,54.08,56.66,59.94,63.98,67.16,69.09999999999999,70.65000000000001,69.98,67.73,66.66,67.3
" Korea, Dem. Rep. ", Asia , Population ,,9411381,10917494,12617009,14781241,16325320,17647518,19067554,20711375,21585105,22215365,23301725
" Korea, Rep. ", Asia ," Gross domestic product per capita, constant prices ",,1487.59,1536.34,2029.23,3030.88,4657.22,5622.94,8533.09,12104.28,15993.53,19233.99,23348.14
" Korea, Rep. ", Asia , Life expectancy ,47.45,52.68,55.29,57.72,62.61,64.77,67.12,69.81,72.23999999999999,74.65000000000001,77.05,78.62
" Korea, Rep. ", Asia , Population ,,22611552,26420307,30131000,33505000,36436000,39326000,41622000,43805450,46173816,47969150,49044790
 Kuwait , Asia ," Gross domestic product per capita, constant prices ",,113523.13,95458.11,80894.88,109347.87,59265.48,31354.04,28118.43,34932.92,40300.62,35110.11,47306.99
 Kuwait , Asia , Life expectancy ,55.57,58.03,60.47,64.62,67.70999999999999,69.34,71.31,74.17,75.19,76.16,76.90000000000001,77.59
 Kuwait , Asia , Population ,,212846,358266,575003,841934,1140357,1497494,1891487,1418095,1765345,2111561,2505559
 Lebanon , Asia ," Gross domestic product per capita, constant prices ",,6089.79,5714.56,6006.98,7486.38,8659.700000000001,7640.52,5377.09,6890.81,8754.959999999999,9313.940000000001,10461.06
 Lebanon , Asia , Life expectancy ,55.93,59.49,62.09,63.87,65.42,66.09999999999999,66.98,67.93000000000001,69.29000000000001,70.27,71.03,71.98999999999999
 Lebanon , Asia , Population ,,1647412,1886848,2186894,2680018,3115787,3086876,3089353,3219994,3430388,3677780,3921278
 Lesotho , Africa ," Gross domestic product per capita, constant prices ",298.85,336,411.8,498.64,496.58,745.37,797.26,773.99,977.49,1186.15,1275.18,1569.33
 Lesotho , Africa , Life expectancy ,42.14,45.05,47.75,48.49,49.77,52.21,55.08,57.18,59.69,55.56,44.59,42.59
 Lesotho , Africa , Population ,,813338,893143,996380,1116779,1251524,1411807,1599200,1803195,1982823,2046772,2012649
 Liberia , Africa ," Gross domestic product per capita, constant prices ",575.5700000000001,620.97,634.2,713.6,803.01,640.3200000000001,572.2,506.11,636.62,609.17,531.48,414.51
 Liberia , Africa , Life expectancy ,38.48,39.49,40.5,41.54,42.61,43.76,44.85,46.03,40.8,42.22,43.75,45.68
 Liberia , Africa , Population ,,975950,1112796,1279406,1482628,1703617,1956875,2269414,1912974,2200725,2814651,3193942
 Libya , Africa ," Gross domestic product per capita, constant prices ",,3448.28,6757.03,18772.75,21011.5,21951.21,17364.28,11770.59,9640.139999999999,9467.450000000001,9534.68,12057.5
 Libya , Africa , Life expectancy ,42.72,45.29,47.81,50.23,52.77,57.44,62.16,66.23,68.76000000000001,71.56,72.73999999999999,73.95
 Libya , Africa , Population ,,1201578,1441863,1759224,2183877,2721783,3344074,3799845,4364501,4759670,5368585,6036914
 Madagascar , Africa ," Gross domestic product per capita, constant prices ",,1589.2,1643.39,1634.05,1748.56,1544.23,1302.88,1155.44,1040.68,986.3,894.64,1044.77
 Madagascar , Africa , Life expectancy ,36.68,38.87,40.85,42.88,44.85,46.88,48.97,49.35,52.21,54.98,57.29,59.44
 Madagascar , Africa , Population ,,5181679,5703324,6334556,7082430,8007166,9171477,10568642,12210395,14165114,16473477,19167654
 Malawi , Africa ," Gross domestic product per capita, constant prices ",369.17,416.37,427.9,495.51,584.62,663.22,632.8,635.52,563.2,692.28,665.42,759.35
 Malawi , Africa , Life expectancy ,36.26,37.21,38.41,39.49,41.77,43.77,45.64,47.46,49.42,47.5,45.01,48.3
 Malawi , Africa , Population ,,3221238,3628608,4147252,4730997,5637246,6502825,7824747,10014249,10419991,11824495,13327079
 Malaysia , Asia ," Gross domestic product per capita, constant prices ",,1810.07,2036.88,2277.74,2849.09,3827.92,4920.36,5249.8,7277.91,10132.91,10206.98,12451.66
 Malaysia , Asia , Life expectancy ,48.46,52.1,55.74,59.37,63.01,65.26000000000001,68,69.5,70.69,71.94,73.04000000000001,74.23999999999999
 Malaysia , Asia , Population ,,7739235,8906385,10154878,11441462,12845381,14441916,16331785,18319502,20476091,22662365,24821286
 Mali , Africa ," Gross domestic product per capita, constant prices ",452.34,490.38,496.17,545.01,581.37,686.4,618.01,684.17,739.01,790.26,951.41,1042.58
 Mali , Africa , Life expectancy ,33.69,35.31,36.94,38.49,39.98,41.71,43.92,46.36,48.39,49.9,51.82,54.47
 Mali , Africa , Population ,,4241884,4690372,5212416,5828158,6491649,6998256,7634008,8416215,9384984,10580176,12031795
 Mauritania , Africa ," Gross domestic product per capita, constant prices ",743.12,846.12,1055.9,1421.15,1586.85,1497.49,1481.15,1421.6,1361.37,1483.14,1579.02,1803.15
 Mauritania , Africa , Life expectancy ,40.54,42.34,44.25,46.29,48.44,50.85,53.6,56.15,58.33,60.43,62.25,64.16
 Mauritania , Africa , Population ,,1076852,1146757,1230542,1332786,1456688,1622136,1841240,2119465,2444741,2828858,3270065
 Mauritius , Africa ," Gross domestic product per capita, constant prices ",,2034.04,2529.07,2475.39,2575.48,3710.98,3688.04,4783.59,6058.25,7425.71,9021.82,10956.99
 Mauritius , Africa , Life expectancy ,50.99,58.09,60.25,61.56,62.94,64.93000000000001,66.70999999999999,68.73999999999999,69.75,70.73999999999999,71.95,72.8
 Mauritius , Africa , Population ,,609816,701016,789309,851334,913025,992040,1042663,1096202,1149818,1200206,1250882
 Mexico , Americas ," Gross domestic product per capita, constant prices ",,4131.55,4581.61,5754.73,6809.41,7674.93,9611.15,8688.16,9472.379999999999,9767.299999999999,10742.44,11977.57
 Mexico , Americas , Life expectancy ,50.79,55.19,58.3,60.11,62.36,65.03,67.41,69.5,71.45999999999999,73.67,74.90000000000001,76.2
 Mexico , Americas , Population ,,35015548,41121485,47995559,55984294,63759976,71640904,80122492,88111030,95895146,102479927,108700891
 Mongolia , Asia ," Gross domestic product per capita, constant prices ",786.5700000000001,912.66,1056.35,1226.04,1421.74,1647.51,2000.6,2338.01,1785.4,1902.25,2140.74,3095.77
 Mongolia , Asia , Life expectancy ,42.24,45.25,48.25,51.25,53.75,55.49,57.49,60.22,61.27,63.63,65.03,66.8
 Mongolia , Asia , Population ,,882134,1010280,1149500,1320500,1528000,1756032,2015133,2312802,2494803,2674234,2874127
 Montenegro , Europe ," Gross domestic product per capita, constant prices ",,3682.26,4649.59,5907.85,7778.41,9595.93,11222.59,11732.51,7003.34,6465.61,6557.19,9253.9
 Montenegro , Europe , Life expectancy ,59.16,61.45,63.73,67.18000000000001,70.64,73.06999999999999,74.09999999999999,74.87,75.44,75.45,73.98,74.54000000000001
 Montenegro , Europe , Population ,,442829,474528,501035,527678,560073,562548,569473,621621,692651,720230,684736
 Morocco , Africa ," Gross domestic product per capita, constant prices ",,1642,1566.35,1711.04,1930.19,2370.62,2702.62,2755.05,2948.05,2982.1,3258.5,3820.18
 Morocco , Africa , Life expectancy ,42.87,45.42,47.92,50.34,52.86,55.73,59.65,62.68,65.39,67.66,69.62,71.16
 Morocco , Africa , Population ,,11406350,13056604,14770296,16660670,18396941,20198730,22987397,25798239,28529501,31167783,33757175
 Mozambique , Africa ," Gross domestic product per capita, constant prices ",468.53,495.59,556.6900000000001,566.67,724.92,502.32,462.21,389.88,410.9,472.35,633.62,823.6900000000001
 Mozambique , Africa , Life expectancy ,31.29,33.78,36.16,38.11,40.33,42.5,42.8,42.86,44.28,46.34,44.03,42.08
 Mozambique , Africa , Life expectancy ,31.29,33.78,36.16,38.11,40.33,42.5,42.8,42.86,44.28,46.34,44.03,42.08
 Mozambique , Africa , Population ,,7038035,7788944,8680909,9809596,11127868,12587223,12891952,13160731,16603334,18473780,19951656
 Myanmar , Asia ," Gross domestic product per capita, constant prices ",331,350,388,349,357,371,424,385,347,415,611,944
 Myanmar , Asia , Life expectancy ,36.32,41.91,45.11,49.38,53.07,56.06,58.06,58.34,59.32,60.33,59.91,62.07
 Myanmar , Asia , Population ,,21731844,23634436,25870271,28466390,31528087,34680442,38028578,40546538,43247867,45598081,47761980
 Namibia , Africa ," Gross domestic product per capita, constant prices ",,2621.45,3173.22,3793.69,3746.08,3876.49,4191.1,3693.73,3804.54,3899.52,4072.32,4811.06
 Namibia , Africa , Life expectancy ,41.73,45.23,48.39,51.16,53.87,56.44,58.97,60.84,62,58.91,51.48,52.91
 Namibia , Africa , Population ,,548080,621392,706640,821782,977026,1099010,1278184,1554253,1774766,1972153,2055080
 Nepal , Asia ," Gross domestic product per capita, constant prices ",545.87,597.9400000000001,652.4,676.4400000000001,674.79,694.11,718.37,775.63,897.74,1010.89,1057.21,1091.36
 Nepal , Asia , Life expectancy ,36.16,37.69,39.39,41.47,43.97,46.75,49.59,52.54,55.73,59.43,61.34,63.79
 Nepal , Asia , Population ,,9682338,10332057,11261690,12412593,13933198,15796314,17917180,20326209,23001113,25873917,28901790
 Netherlands , Europe ," Gross domestic product per capita, constant prices ",,11276.19,12790.85,15363.25,18794.75,21209.06,21399.46,23651.32,26790.95,30246.13,33724.76,36797.93
 Netherlands , Europe , Life expectancy ,72.13,72.98999999999999,73.23,73.81999999999999,73.75,75.23999999999999,76.05,76.83,77.42,78.03,78.53,79.76000000000001
 Netherlands , Europe , Population ,,11026383,11805689,12596822,13329874,13852989,14310401,14665278,15174244,15604464,16122830,16570613
 New Zealand , Oceania ," Gross domestic product per capita, constant prices ",,12247.4,13175.68,14463.92,16046.04,16233.72,17632.41,19007.19,18363.32,21050.41,23189.8,25185.01
 New Zealand , Oceania , Life expectancy ,69.39,70.26000000000001,71.23999999999999,71.52,71.89,72.22,73.84,74.31999999999999,76.33,77.55,79.11,80.2
 New Zealand , Oceania , Population ,,2229407,2488550,2728150,2929100,3164900,3210650,3317166,3437674,3676187,3908037,4115771
 Nicaragua , Americas ," Gross domestic product per capita, constant prices ",,3457.42,3634.36,4643.39,4688.59,5486.37,3470.34,2955.98,2170.15,2253.02,2474.55,2749.32
 Nicaragua , Americas , Life expectancy ,42.31,45.43,48.63,51.88,55.15,57.47,59.3,62.01,65.84,68.43000000000001,70.84,72.90000000000001
 Nicaragua , Americas , Population ,,1358828,1590597,1865490,2182908,2554598,2979423,3344353,4017939,4609572,5146848,5675356
 Niger , Africa ," Gross domestic product per capita, constant prices ",761.88,835.52,997.77,1054.38,954.21,808.9,909.72,668.3,581.18,580.3099999999999,601.0700000000001,619.68
 Niger , Africa , Life expectancy ,37.44,38.6,39.49,40.12,40.55,41.29,42.6,44.56,47.39,51.31,54.5,56.87
 Niger , Africa , Population ,,3692184,4076008,4534062,5060262,5682086,6437188,7332638,8392818,9666252,11140655,12894865
 Nigeria , Africa ," Gross domestic product per capita, constant prices ",,1100.59,1150.93,1014.51,1698.39,1981.95,1576.97,1385.03,1619.85,1624.94,1615.29,2013.98
 Nigeria , Africa , Life expectancy ,36.32,37.8,39.36,41.04,42.82,44.51,45.83,46.89,47.47,47.46,46.61,46.86
 Nigeria , Africa , Population ,,37173340,41871351,47287752,53740085,62209173,73039376,81551520,93364244,106207839,119901274,135031164
 Norway , Europe ," Gross domestic product per capita, constant prices ",,11653.97,13450.4,16361.88,18965.06,23311.35,26298.64,31540.97,33965.66,41283.16,44683.98,49357.19
 Norway , Europe , Life expectancy ,72.67,73.44,73.47,74.08,74.34,75.37,75.97,75.89,77.31999999999999,78.31999999999999,79.05,80.2
 Norway , Europe , Population ,,3491938,3638919,3786019,3933004,4043205,4114787,4186147,4286357,4405672,4535591,4627926
 Oman , Asia ," Gross domestic product per capita, constant prices ",,2242.75,2924.64,4720.94,10618.04,11848.34,12954.79,18115.22,18616.71,19702.06,19774.84,22316.19
 Oman , Asia , Life expectancy ,37.58,40.08,43.17,46.99,52.14,57.37,62.73,67.73,71.2,72.5,74.19,75.64
 Oman , Asia , Population ,,561977,628164,714775,829050,1004533,1301048,1593882,1915208,2283635,2713462,3204897
 Pakistan , Asia ," Gross domestic product per capita, constant prices ",684.6,747.08,803.34,942.41,1049.94,1175.92,1443.43,1704.69,1971.83,2049.35,2092.71,2605.95
 Pakistan , Asia , Life expectancy ,43.44,45.56,47.67,49.8,51.93,54.04,56.16,58.25,60.84,61.82,63.61,65.48
 Pakistan , Asia , Population ,,46679944,53100671,60641899,69325921,78152686,91462088,105186881,120065004,135564834,153403524,169270617
 Panama , Americas ," Gross domestic product per capita, constant prices ",,2961.8,3536.54,4421.01,5364.25,5351.91,7009.6,7034.78,6618.74,7113.69,7356.03,9809.190000000001
 Panama , Americas , Life expectancy ,55.19,59.2,61.82,64.06999999999999,66.22,68.68000000000001,70.47,71.52,72.45999999999999,73.73999999999999,74.70999999999999,75.54000000000001
 Panama , Americas , Population ,,1063506,1215725,1405486,1616384,1839782,2036305,2253639,2484997,2734531,2990875,3242173
 Paraguay , Americas ," Gross domestic product per capita, constant prices ",,2046.15,2148.03,2299.38,2523.34,3248.37,4258.5,3998.88,4196.41,4247.4,3783.67,4172.84
 Paraguay , Americas , Life expectancy ,62.65,63.2,64.36,64.95,65.81999999999999,66.34999999999999,66.87,67.38,68.23,69.40000000000001,70.76000000000001,71.75
 Paraguay , Americas , Population ,,1770902,2009813,2287985,2614104,2984494,3366439,3886512,4483945,5154123,5884491,6667147
 Peru , Americas ," Gross domestic product per capita, constant prices ",,4245.26,4957.04,5788.09,5937.83,6281.29,6434.5,6360.94,4446.38,5838.35,5909.02,7408.91
 Peru , Americas , Life expectancy ,43.9,46.26,49.1,51.45,55.45,58.45,61.41,64.13,66.45999999999999,68.39,69.91,71.42
 Peru , Americas , Population ,,9146100,10516500,12132200,13954700,15990099,18125129,20195924,22430449,24748122,26769436,28674757
 Philippines , Asia ," Gross domestic product per capita, constant prices ",,1547.94,1649.55,1814.13,1989.37,2373.2,2603.27,2189.63,2279.32,2536.53,2650.92,3190.48
 Philippines , Asia , Life expectancy ,47.75,51.33,54.76,56.39,58.07,60.06,62.08,64.15000000000001,66.45999999999999,68.56,70.3,71.69
 Philippines , Asia , Population ,,26072194,30325264,35356600,40850141,46850962,53456774,60017788,67185766,75012988,82995088,91077287
 Poland , Europe ," Gross domestic product per capita, constant prices ",,4734.25,5338.75,6557.15,8006.51,9508.139999999999,8451.530000000001,9082.35,7738.88,10159.58,12002.24,15389.92
 Poland , Europe , Life expectancy ,61.31,65.77,67.64,69.61,70.84999999999999,70.67,71.31999999999999,70.98,70.98999999999999,72.75,74.67,75.56
 Poland , Europe , Population ,,28235346,30329617,31785378,33039545,34621254,36227381,37740710,38370697,38654957,38625976,38518241
 Portugal , Europe ," Gross domestic product per capita, constant prices ",,3774.57,4727.95,6361.52,9022.25,10172.49,11753.84,13039.31,16207.27,17641.03,19970.91,20509.65
 Portugal , Europe , Life expectancy ,59.82,61.51,64.39,66.59999999999999,69.26000000000001,70.41,72.77,74.06,74.86,75.97,77.29000000000001,78.09999999999999
 Portugal , Europe , Population ,,8817650,9019800,9103000,8970450,9662600,9859650,9915289,9927680,10156415,10433867,10642836
 Puerto Rico , Americas ," Gross domestic product per capita, constant prices ",,3907.16,5108.34,6929.28,9123.040000000001,9770.52,10330.99,12281.34,14641.59,16999.43,18855.61,19328.71
 Puerto Rico , Americas , Life expectancy ,64.28,68.54000000000001,69.62,71.09999999999999,72.16,73.44,73.75,74.63,73.91,74.92,77.78,78.75
 Puerto Rico , Americas , Population ,,2260000,2448046,2648961,2847132,3080828,3279001,3444468,3585176,3759430,3859606,3942491
 Reunion , Africa ," Gross domestic product per capita, constant prices ",,2769.45,3173.72,4021.18,5047.66,4319.8,5267.22,5303.38,6101.26,6071.94,6316.17,7670.12
 Reunion , Africa , Life expectancy ,52.72,55.09,57.67,60.54,64.27,67.06,69.89,71.91,73.62,74.77,75.73999999999999,76.44
 Reunion , Africa , Population ,,308700,358900,414024,461633,492095,517810,562035,622191,684810,743981,798094
 Romania , Europe ," Gross domestic product per capita, constant prices ",,3943.37,4735,6470.87,8011.41,9356.4,9605.309999999999,9696.27,6598.41,7346.55,7885.36,10808.48
 Romania , Europe , Life expectancy ,61.05,64.09999999999999,66.8,66.8,69.20999999999999,69.45999999999999,69.66,69.53,69.36,69.72,71.31999999999999,72.48
 Romania , Europe , Population ,,17829327,18680721,19284814,20662648,21658597,22356726,22686371,22797027,22562458,22404337,22276056
 Rwanda , Africa ," Gross domestic product per capita, constant prices ",493.32,540.29,597.47,510.96,590.58,670.08,881.5700000000001,847.99,737.0700000000001,589.9400000000001,785.65,863.09
 Rwanda , Africa , Life expectancy ,40,41.5,43,44.1,44.6,45,46.22,44.02,23.6,36.09,43.41,46.24
 Rwanda , Africa , Population ,,2822082,3051242,3451079,3992121,4657072,5507565,6349365,7290203,7212583,7852401,8860588
 Sao Tome and Principe , Africa ," Gross domestic product per capita, constant prices ",879.58,860.74,1071.55,1384.84,1532.99,1737.56,1890.22,1516.53,1428.78,1339.08,1353.09,1598.44
 Sao Tome and Principe , Africa , Life expectancy ,46.47,48.95,51.89,54.43,56.48,58.55,60.35,61.73,62.74,63.31,64.34,65.53
 Sao Tome and Principe , Africa , Population ,,61325,65345,70787,76595,86796,98593,110812,125911,145608,170372,199579
 Saudi Arabia , Asia ," Gross domestic product per capita, constant prices ",,8157.59,11626.42,16903.05,24837.43,34167.76,33693.18,21198.26,24841.62,20586.69,19014.54,21654.83
 Saudi Arabia , Asia , Life expectancy ,39.88,42.87,45.91,49.9,53.89,58.69,63.01,66.3,68.77,70.53,71.63,72.78
 Saudi Arabia , Asia , Population ,,4419650,4943029,5618198,6472756,8128505,11254672,14619745,16945857,21229759,24501530,27601038
 Senegal , Africa ," Gross domestic product per capita, constant prices ",,1567.65,1654.99,1612.4,1597.71,1561.77,1518.48,1441.72,1367.9,1392.37,1519.64,1712.47
 Senegal , Africa , Life expectancy ,37.28,39.33,41.45,43.56,45.82,48.88,52.38,55.77,58.2,60.19,61.6,63.06
 Senegal , Africa , Population ,,3054547,3430243,3965841,4588696,5260855,6147783,7171347,8307920,9535314,10870037,12267493
 Serbia , Europe ," Gross domestic product per capita, constant prices ",,4981.09,6289.63,7991.71,10522.07,12980.67,15181.09,15870.88,9325.07,7914.32,7236.08,9786.530000000001
 Serbia , Europe , Life expectancy ,58,61.69,64.53,66.91,68.7,70.3,70.16,71.22,71.66,72.23,73.20999999999999,74
 Serbia , Europe , Population ,,7271135,7616060,7971222,8313288,8686367,9032824,9230783,9826397,10336594,10111559,10150265
 Sierra Leone , Africa ," Gross domestic product per capita, constant prices ",879.79,1004.48,1116.64,1206.04,1353.76,1348.29,1465.01,1294.45,1068.7,574.65,699.49,862.54
 Sierra Leone , Africa , Life expectancy ,30.33,31.57,32.77,34.11,35.4,36.79,38.45,40.01,38.33,39.9,41.01,42.57
 Sierra Leone , Africa , Population ,,2295678,2467895,2662190,2879013,3140897,3464522,3868905,4260884,4578212,5359092,6144562
 Singapore , Asia ," Gross domestic product per capita, constant prices ",,2843.1,3674.74,4977.42,8597.76,11210.09,15169.16,18861.53,24769.89,33519.48,36023.11,47143.18
 Singapore , Asia , Life expectancy ,60.4,63.18,65.8,67.95,69.52,70.8,71.76000000000001,73.56,75.79000000000001,77.16,78.77,79.97
 Singapore , Asia , Population ,,1445929,1750200,1977600,2152400,2325300,2651869,2794552,3235865,3802309,4197776,4553009
 Slovak Republic , Europe ," Gross domestic product per capita, constant prices ",,6093.26,7481.11,8412.9,9674.17,10922.66,11348.55,12037.27,9498.469999999999,12126.23,13638.78,18678.31
 Slovak Republic , Europe , Life expectancy ,64.36,67.45,70.33,70.98,70.34999999999999,70.45,70.8,71.08,71.38,72.70999999999999,73.8,74.66
 Slovak Republic , Europe , Population ,,3844277,4237384,4442238,4593433,4827803,5048043,5199318,5302888,5383010,5410052,5447502
 Slovenia , Europe ," Gross domestic product per capita, constant prices ",,5862.28,7402.3,9405.49,12383.49,15277.03,17866.72,18678.53,14214.72,17161.11,20660.02,25768.26
 Slovenia , Europe , Life expectancy ,65.56999999999999,67.84999999999999,69.15000000000001,69.18000000000001,69.81999999999999,70.97,71.06,72.25,73.64,75.13,76.66,77.93000000000001
 Slovenia , Europe , Population ,,1533070,1582962,1646912,1694510,1746919,1861252,1945870,1999210,2011612,2011497,2009245
 Somalia , Africa ," Gross domestic product per capita, constant prices ",,1258.15,1369.49,1284.73,1254.58,1450.99,1176.81,1093.24,926.96,930.6,882.08,926.14
 Somalia , Africa , Life expectancy ,32.98,34.98,36.98,38.98,40.97,41.97,42.96,44.5,39.66,43.8,45.94,48.16
 Somalia , Africa , Population ,,2780415,3080153,3428839,3840161,4353666,5828892,6921858,6099799,6633514,7753310,9118773
 South Africa , Africa ," Gross domestic product per capita, constant prices ",,5487.1,5768.73,7114.48,7765.96,8028.65,8568.27,7825.82,7225.07,7479.19,7710.95,9269.66
 South Africa , Africa , Life expectancy ,45.01,47.99,49.95,51.93,53.7,55.53,58.16,60.83,61.89,60.24,53.37,49.34
 South Africa , Africa , Population ,,16151549,18356657,20997321,23935810,27129932,31140029,35933379,39964159,42835005,44433622,43997828
 Spain , Europe ," Gross domestic product per capita, constant prices ",,4564.8,5693.84,7993.51,10638.75,13236.92,13926.17,15764.98,18603.06,20445.3,24835.47,28821.06
 Spain , Europe , Life expectancy ,64.94,66.66,69.69,71.44,73.06,74.39,76.3,76.90000000000001,77.56999999999999,78.77,79.78,80.94
 Spain , Europe , Population ,,29841614,31158061,32850275,34513161,36439000,37983310,38880702,39549438,39855442,40152517,40448191
 Sri Lanka , Asia ," Gross domestic product per capita, constant prices ",,1072.55,1074.47,1135.51,1213.4,1348.78,1648.08,1876.77,2153.74,2664.48,3015.38,3970.1
 Sri Lanka , Asia , Life expectancy ,57.59,61.46,62.19,64.27,65.04000000000001,65.95,68.76000000000001,69.01000000000001,70.38,70.45999999999999,70.81999999999999,72.40000000000001
 Sri Lanka , Asia , Population ,,9128546,10421936,11737396,13016733,14116836,15410151,16495304,17587060,18698655,19576783,20378239
 Sudan , Africa ," Gross domestic product per capita, constant prices ",,1770.34,1959.59,1688,1659.65,2202.99,1895.54,1507.82,1492.2,1632.21,1993.4,2602.39
 Sudan , Africa , Life expectancy ,38.64,39.62,40.87,42.86,45.08,47.8,50.34,51.74,53.56,55.37,56.37,58.56
 Sudan , Africa , Population ,,9753392,11183227,12716129,14597019,17104986,20367053,24725960,28227588,32160729,37090298,42292929
 Swaziland , Africa ," Gross domestic product per capita, constant prices ",,1244.71,1856.18,2613.1,3364.84,3781.41,3895.38,3984.84,3553.02,3876.77,4128.12,4513.48
 Swaziland , Africa , Life expectancy ,41.41,43.42,44.99,46.63,49.55,52.54,55.56,57.68,58.47,54.29,43.87,39.61
 Swaziland , Africa , Population ,,326741,370006,420690,480105,551425,649901,779348,962344,1054486,1130269,1133066
 Sweden , Europe ," Gross domestic product per capita, constant prices ",,9911.879999999999,12329.44,15258.3,17832.02,18855.73,20667.38,23586.93,23880.02,25266.59,29341.63,33859.75
 Sweden , Europe , Life expectancy ,71.86,72.48999999999999,73.37,74.16,74.72,75.44,76.42,77.19,78.16,79.39,80.04000000000001,80.88
 Sweden , Europe , Population ,,7363802,7561588,7867931,8122293,8251648,8325260,8421403,8718867,8897619,8954175,9031088
 Switzerland , Europe ," Gross domestic product per capita, constant prices ",,17909.49,20431.09,22966.14,27195.11,26982.29,28397.72,30281.7,31871.53,32135.32,34480.96,37506.42
 Switzerland , Europe , Life expectancy ,69.62,70.56,71.31999999999999,72.77,73.78,75.39,76.20999999999999,77.41,78.03,79.37,80.62,81.7
 Switzerland , Europe , Population ,,5126000,5666000,6063000,6401400,6316424,6468126,6649942,6995447,7193761,7361757,7554661
 Syria , Asia ," Gross domestic product per capita, constant prices ",,2117.23,2193.04,1881.92,2571.42,3195.48,3761.84,3116.77,3340.54,4014.24,4090.93,4184.55
 Syria , Asia , Life expectancy ,45.88,48.28,50.31,53.66,57.3,61.2,64.59,66.97,69.25,71.53,73.05,74.14
 Syria , Asia , Population ,,4149908,4834621,5680812,6701172,7932503,9410494,11242847,13219062,15081016,17155814,19314747
 Taiwan , Asia ," Gross domestic product per capita, constant prices ",,1507.86,1822.88,2643.86,4062.52,5596.52,7426.35,11054.56,15215.66,20206.82,23235.42,28718.28
 Taiwan , Asia , Life expectancy ,58.5,62.4,65.2,67.5,69.39,70.59,72.16,73.40000000000001,74.26000000000001,75.25,76.98999999999999,78.40000000000001
 Taiwan , Asia , Population ,,10164215,11918938,13648692,15226039,16785196,18501390,19757799,20686918,21628605,22454239,23174294
 Tanzania , Africa ," Gross domestic product per capita, constant prices ",716.65,698.54,722,848.22,915.99,962.49,874.24,831.8200000000001,825.68,789.1900000000001,899.0700000000001,1107.48
 Tanzania , Africa , Life expectancy ,41.22,42.97,44.25,45.76,47.62,49.92,50.61,51.54,50.44,48.47,49.65,52.52
 Tanzania , Africa , Population ,,9452826,10863958,12607312,14706593,17129565,19844382,23040630,26605473,30686889,34593779,38139640
 Thailand , Asia ," Gross domestic product per capita, constant prices ",757.8,793.58,1002.2,1295.46,1524.36,1961.22,2393.22,2982.65,4616.9,5852.63,5913.19,7458.4
 Thailand , Asia , Life expectancy ,50.85,53.63,56.06,58.29,60.41,62.49,64.59999999999999,66.08,67.3,67.52,68.56,70.62
 Thailand , Asia , Population ,,25041917,29263397,34024249,39276153,44148285,48827160,52910342,56667095,60216677,62806748,65068149
 Togo , Africa ," Gross domestic product per capita, constant prices ",859.8099999999999,925.91,1067.53,1477.6,1649.66,1532.78,1344.58,1202.2,1034.3,982.29,886.22,882.97
 Togo , Africa , Life expectancy ,38.6,41.21,43.92,46.77,49.76,52.89,55.47,56.94,58.06,58.39,57.56,58.42
 Togo , Africa , Population ,,1357445,1528098,1735550,2056351,2308582,2644765,3154264,3747553,4320890,4977378,5701579
 Trinidad and Tobago , Americas ," Gross domestic product per capita, constant prices ",,4100.39,4997.52,5621.37,6619.55,7899.55,9119.530000000001,7388.6,7370.99,8792.57,11460.6,18008.51
 Trinidad and Tobago , Americas , Life expectancy ,59.1,61.8,64.90000000000001,65.40000000000001,65.90000000000001,68.3,68.83,69.58,69.86,69.47,68.98,69.81999999999999
 Trinidad and Tobago , Americas , Population ,,764900,887498,960155,975199,1039009,1116479,1191336,1183669,1138101,1101832,1056608
 Tunisia , Africa ," Gross domestic product per capita, constant prices ",,1395.23,1660.3,1932.36,2753.29,3120.88,3560.23,3810.42,4332.72,4876.8,5722.9,7092.92
 Tunisia , Africa , Life expectancy ,44.6,47.1,49.58,52.05,55.6,59.84,64.05,66.89,70,71.97,73.04000000000001,73.92
 Tunisia , Africa , Population ,,3950849,4286552,4786986,5303507,6005061,6734098,7724976,8523077,9231669,9770575,10276158
 Turkey , Europe ," Gross domestic product per capita, constant prices ",,2218.75,2322.87,2826.36,3450.7,4269.12,4241.36,5089.04,5678.35,6601.43,6508.09,8458.280000000001
 Turkey , Europe , Life expectancy ,43.59,48.08,52.1,54.34,57.01,59.51,61.04,63.11,66.15000000000001,68.84,70.84999999999999,71.78
 Turkey , Europe , Population ,,25670939,29788695,33411317,37492953,42404033,47328791,52881328,58179144,63047647,67308928,71158647
 Uganda , Africa ," Gross domestic product per capita, constant prices ",734.75,774.37,767.27,908.92,950.74,843.73,682.27,617.72,644.17,816.5599999999999,927.72,1056.38
 Uganda , Africa , Life expectancy ,39.98,42.57,45.34,48.05,51.02,50.35,49.85,51.51,48.83,44.58,47.81,51.54
 Uganda , Africa , Population ,,6675501,7688797,8900294,10190285,11457758,12939400,15283050,18252190,21210254,24739869,29170398
 United Kingdom , Europe ," Gross domestic product per capita, constant prices ",,11283.18,12477.18,14142.85,15895.12,17428.75,18232.42,21664.79,22705.09,26074.53,29479,33203.26
 United Kingdom , Europe , Life expectancy ,69.18000000000001,70.42,70.76000000000001,71.36,72.01000000000001,72.76000000000001,74.04000000000001,75.01000000000001,76.42,77.22,78.47,79.43000000000001
 United Kingdom , Europe , Population ,,51430000,53292000,54959000,56079000,56179000,56339704,56981620,57866349,58808266,59912431,60776238
 United States , Americas ," Gross domestic product per capita, constant prices ",,14847.13,16173.15,19530.37,21806.04,24072.63,25009.56,29884.35,32003.93,35767.43,39097.1,42951.65
 United States , Americas , Life expectancy ,68.44,69.48999999999999,70.20999999999999,70.76000000000001,71.34,73.38,74.65000000000001,75.02,76.09,76.81,77.31,78.23999999999999
 United States , Americas , Population ,,171984000,186538000,198712000,209896000,220239000,232187835,242803533,256894189,272911760,287675526,301139947
 Uruguay , Americas ," Gross domestic product per capita, constant prices ",,6150.77,5603.36,5444.62,5703.41,6504.34,6920.22,7452.4,8137,9230.24,7727,10611.46
 Uruguay , Americas , Life expectancy ,66.06999999999999,67.04000000000001,68.25,68.47,68.67,69.48,70.81,71.92,72.75,74.22,75.31,76.38
 Uruguay , Americas , Population ,,2424959,2598466,2748579,2829526,2873520,2953997,3045153,3149262,3262838,3363085,3447496
 Venezuela , Americas ," Gross domestic product per capita, constant prices ",,9802.469999999999,8422.969999999999,9541.469999999999,10505.26,13143.95,11152.41,9883.58,10733.93,10165.5,8605.049999999999,11415.81
 Venezuela , Americas , Life expectancy ,55.09,57.91,60.77,63.48,65.70999999999999,67.45999999999999,68.56,70.19,71.15000000000001,72.15000000000001,72.77,73.75
 Venezuela , Americas , Population ,,6702668,8143375,9709552,11515649,13503563,15620766,17910182,20265563,22374398,24287670,26084662
 Vietnam , Asia ," Gross domestic product per capita, constant prices ",605.0700000000001,676.29,772.05,637.12,699.5,713.54,707.24,820.8,989.02,1385.9,1764.46,2441.58
 Vietnam , Asia , Life expectancy ,40.41,42.89,45.36,47.84,50.25,55.76,58.82,62.82,67.66,70.67,73.02,74.25
 Vietnam , Asia , Population ,,28998543,33796140,39463910,44655014,50533506,56142181,62826491,69940728,76048996,80908147,85262356
 West Bank and Gaza , Asia ," Gross domestic product per capita, constant prices ",,1827.07,2198.96,2649.72,3133.41,3682.83,4336.03,5107.2,6017.65,7110.67,4515.49,3025.35
 West Bank and Gaza , Asia , Life expectancy ,43.16,45.67,48.13,51.63,56.53,60.77,64.41,67.05,69.72,71.09999999999999,72.37,73.42
 West Bank and Gaza , Asia , Population ,,1070439,1133134,1142636,1089572,1261091,1425876,1691210,2104779,2826046,3389578,4018332
" Yemen, Rep. ", Asia ," Gross domestic product per capita, constant prices ",781.72,804.83,825.62,862.4400000000001,1265.05,1829.77,1977.56,1971.74,1879.5,2117.48,2234.82,2280.77
" Yemen, Rep. ", Asia , Life expectancy ,32.55,33.97,35.18,36.98,39.85,44.18,49.11,52.92,55.6,58.02,60.31,62.7
" Yemen, Rep. ", Asia , Population ,,5498090,6120081,6740785,7407075,8403990,9657618,11219340,13367997,15826497,18701257,22211743
 Zambia , Africa ," Gross domestic product per capita, constant prices ",,1311.96,1452.73,1777.08,1773.5,1588.69,1408.68,1213.32,1210.88,1071.35,1071.61,1271.21
 Zambia , Africa , Life expectancy ,42.04,44.08,46.02,47.77,50.11,51.39,51.82,50.82,46.1,40.24,39.19,42.38
 Zambia , Africa , Population ,,3016000,3421000,3900000,4506497,5216550,6100407,7272406,8381163,9417789,10595811,11746035
 Zimbabwe , Africa ," Gross domestic product per capita, constant prices ",406.88,518.76,527.27,569.8,799.36,685.59,788.86,706.16,693.42,792.45,672.04,469.71
 Zimbabwe , Africa , Life expectancy ,48.45,50.47,52.36,54,55.64,57.67,60.36,62.35,60.38,46.81,39.99,43.49
 Zimbabwe , Africa , Population ,,3646340,4277736,4995432,5861135,6642107,7636524,9216418,10704340,11404948,11926563,12311143
