time,location,value
1967-01-01,AUS,1.875
1968-01-01,AUS,1.85
1969-01-01,AUS,1.8
1970-01-01,AUS,1.625
1971-01-01,AUS,1.925
1972-01-01,AUS,2.625
1973-01-01,AUS,2.325
1974-01-01,AUS,2.7
1975-01-01,AUS,4.925
1976-01-01,AUS,4.75
1977-01-01,AUS,5.65
1978-01-01,AUS,6.442533
1979-01-01,AUS,6.265499
1980-01-01,AUS,6.106246
1981-01-01,AUS,5.783571
1982-01-01,AUS,7.156132
1983-01-01,AUS,9.961594
1984-01-01,AUS,8.98968
1985-01-01,AUS,8.262986
1986-01-01,AUS,8.081038
1987-01-01,AUS,8.10804
1988-01-01,AUS,7.227954
1989-01-01,AUS,6.179825
1990-01-01,AUS,6.923
1991-01-01,AUS,9.576522
1992-01-01,AUS,10.72814
1993-01-01,AUS,10.87467
1994-01-01,AUS,9.72219
1995-01-01,AUS,8.472281
1996-01-01,AUS,8.506114
1997-01-01,AUS,8.362488
1998-01-01,AUS,7.677429
1999-01-01,AUS,6.873791
2000-01-01,AUS,6.285546
2001-01-01,AUS,6.742173
2002-01-01,AUS,6.368911
2003-01-01,AUS,5.92842
2004-01-01,AUS,5.396734
2005-01-01,AUS,5.033881
2006-01-01,AUS,4.78524
2007-01-01,AUS,4.379151
2008-01-01,AUS,4.23433
2009-01-01,AUS,5.560385
2010-01-01,AUS,5.21334
2011-01-01,AUS,5.081195
2012-01-01,AUS,5.223376
2013-01-01,AUS,5.66194
2014-01-01,AUS,6.077244
2015-01-01,AUS,6.056423
2016-01-01,AUS,5.710301
2017-01-01,AUS,5.59376
2018-01-01,AUS,5.299855
2019-01-01,AUS,5.159017
2020-01-01,AUS,6.464408
1993-01-01,AUT,3.958333
1994-01-01,AUT,4.241667
1995-01-01,AUT,4.241667
1996-01-01,AUT,4.733333
1997-01-01,AUT,4.733333
1998-01-01,AUT,4.725
1999-01-01,AUT,4.15
2000-01-01,AUT,3.933333
2001-01-01,AUT,3.983333
2002-01-01,AUT,4.383333
2003-01-01,AUT,4.758333
2004-01-01,AUT,5.891667
2005-01-01,AUT,6.033333
2006-01-01,AUT,5.641667
2007-01-01,AUT,5.216667
2008-01-01,AUT,4.441667
2009-01-01,AUT,5.666667
2010-01-01,AUT,5.191667
2011-01-01,AUT,4.9
2012-01-01,AUT,5.191667
2013-01-01,AUT,5.725
2014-01-01,AUT,6.033333
2015-01-01,AUT,6.15
2016-01-01,AUT,6.45
2017-01-01,AUT,5.925
2018-01-01,AUT,5.208333
2019-01-01,AUT,4.841667
2020-01-01,AUT,6.025
1983-01-01,BEL,10.74167
1984-01-01,BEL,10.8
1985-01-01,BEL,10.10833
1986-01-01,BEL,10.03333
1987-01-01,BEL,9.8
1988-01-01,BEL,8.8
1989-01-01,BEL,7.383333
1990-01-01,BEL,6.55
1991-01-01,BEL,6.441667
1992-01-01,BEL,7.091667
1993-01-01,BEL,8.625
1994-01-01,BEL,9.75
1995-01-01,BEL,9.675
1996-01-01,BEL,9.541667
1997-01-01,BEL,9.216666
1998-01-01,BEL,9.341666
1999-01-01,BEL,8.4
2000-01-01,BEL,6.875
2001-01-01,BEL,6.591667
2002-01-01,BEL,7.525
2003-01-01,BEL,8.175
2004-01-01,BEL,8.391666
2005-01-01,BEL,8.433333
2006-01-01,BEL,8.25
2007-01-01,BEL,7.483333
2008-01-01,BEL,6.975
2009-01-01,BEL,7.891667
2010-01-01,BEL,8.316667
2011-01-01,BEL,7.166667
2012-01-01,BEL,7.566667
2013-01-01,BEL,8.45
2014-01-01,BEL,8.533334
2015-01-01,BEL,8.5
2016-01-01,BEL,7.858333
2017-01-01,BEL,7.1
2018-01-01,BEL,5.958333
2019-01-01,BEL,5.366667
2020-01-01,BEL,5.55
1955-01-01,CAN,4.408333
1956-01-01,CAN,3.433333
1957-01-01,CAN,4.65
1958-01-01,CAN,7.066667
1959-01-01,CAN,5.991667
1960-01-01,CAN,6.991667
1961-01-01,CAN,7.183333
1962-01-01,CAN,5.958333
1963-01-01,CAN,5.583333
1964-01-01,CAN,4.708333
1965-01-01,CAN,3.95
1966-01-01,CAN,3.375
1967-01-01,CAN,3.833333
1968-01-01,CAN,4.525
1969-01-01,CAN,4.425
1970-01-01,CAN,5.675
1971-01-01,CAN,6.2
1972-01-01,CAN,6.233333
1973-01-01,CAN,5.566667
1974-01-01,CAN,5.333333
1975-01-01,CAN,6.916667
1976-01-01,CAN,7.083333
1977-01-01,CAN,8.058333
1978-01-01,CAN,8.383333
1979-01-01,CAN,7.55
1980-01-01,CAN,7.55
1981-01-01,CAN,7.633333
1982-01-01,CAN,11.03333
1983-01-01,CAN,12.03333
1984-01-01,CAN,11.35
1985-01-01,CAN,10.66667
1986-01-01,CAN,9.675
1987-01-01,CAN,8.833333
1988-01-01,CAN,7.766667
1989-01-01,CAN,7.566667
1990-01-01,CAN,8.15
1991-01-01,CAN,10.325
1992-01-01,CAN,11.19167
1993-01-01,CAN,11.4
1994-01-01,CAN,10.41667
1995-01-01,CAN,9.508333
1996-01-01,CAN,9.608334
1997-01-01,CAN,9.116667
1998-01-01,CAN,8.283334
1999-01-01,CAN,7.591667
2000-01-01,CAN,6.816667
2001-01-01,CAN,7.216667
2002-01-01,CAN,7.675
2003-01-01,CAN,7.575
2004-01-01,CAN,7.191667
2005-01-01,CAN,6.758333
2006-01-01,CAN,6.35
2007-01-01,CAN,6.066667
2008-01-01,CAN,6.175
2009-01-01,CAN,8.375
2010-01-01,CAN,8.116667
2011-01-01,CAN,7.558333
2012-01-01,CAN,7.333333
2013-01-01,CAN,7.125
2014-01-01,CAN,6.941667
2015-01-01,CAN,6.941667
2016-01-01,CAN,7.05
2017-01-01,CAN,6.4
2018-01-01,CAN,5.891667
2019-01-01,CAN,5.733333
2020-01-01,CAN,9.558333
1993-01-01,CZE,4.308333
1994-01-01,CZE,4.291667
1995-01-01,CZE,4.008333
1996-01-01,CZE,3.891667
1997-01-01,CZE,4.775
1998-01-01,CZE,6.466667
1999-01-01,CZE,8.7
2000-01-01,CZE,8.775
2001-01-01,CZE,8.125
2002-01-01,CZE,7.291667
2003-01-01,CZE,7.775
2004-01-01,CZE,8.291667
2005-01-01,CZE,7.941667
2006-01-01,CZE,7.133333
2007-01-01,CZE,5.325
2008-01-01,CZE,4.408333
2009-01-01,CZE,6.683333
2010-01-01,CZE,7.291667
2011-01-01,CZE,6.716667
2012-01-01,CZE,6.975
2013-01-01,CZE,6.966667
2014-01-01,CZE,6.116667
2015-01-01,CZE,5.058333
2016-01-01,CZE,3.966667
2017-01-01,CZE,2.908333
2018-01-01,CZE,2.266667
2019-01-01,CZE,2.016667
2020-01-01,CZE,2.55
1983-01-01,DNK,8.366667
1984-01-01,DNK,7.916667
1985-01-01,DNK,6.658333
1986-01-01,DNK,4.991667
1987-01-01,DNK,5.033333
1988-01-01,DNK,5.658333
1989-01-01,DNK,6.816667
1990-01-01,DNK,7.175
1991-01-01,DNK,7.85
1992-01-01,DNK,8.6
1993-01-01,DNK,9.55
1994-01-01,DNK,7.7
1995-01-01,DNK,6.716667
1996-01-01,DNK,6.333333
1997-01-01,DNK,5.241667
1998-01-01,DNK,4.866667
1999-01-01,DNK,5.166667
2000-01-01,DNK,4.325
2001-01-01,DNK,4.525
2002-01-01,DNK,4.583333
2003-01-01,DNK,5.408333
2004-01-01,DNK,5.5
2005-01-01,DNK,4.841667
2006-01-01,DNK,3.908333
2007-01-01,DNK,3.75
2008-01-01,DNK,3.708333
2009-01-01,DNK,6.408333
2010-01-01,DNK,7.766667
2011-01-01,DNK,7.758333
2012-01-01,DNK,7.8
2013-01-01,DNK,7.391667
2014-01-01,DNK,6.883333
2015-01-01,DNK,6.3
2016-01-01,DNK,6.008333
2017-01-01,DNK,5.816667
2018-01-01,DNK,5.116667
2019-01-01,DNK,5.058333
2020-01-01,DNK,5.65
1988-01-01,FIN,4.208333
1989-01-01,FIN,3.108333
1990-01-01,FIN,3.166667
1991-01-01,FIN,6.608333
1992-01-01,FIN,11.70833
1993-01-01,FIN,16.34167
1994-01-01,FIN,16.58333
1995-01-01,FIN,15.4
1996-01-01,FIN,14.56667
1997-01-01,FIN,12.64167
1998-01-01,FIN,11.35833
1999-01-01,FIN,10.21667
2000-01-01,FIN,9.783334
2001-01-01,FIN,9.125
2002-01-01,FIN,9.075
2003-01-01,FIN,9.008333
2004-01-01,FIN,8.825
2005-01-01,FIN,8.4
2006-01-01,FIN,7.716667
2007-01-01,FIN,6.866667
2008-01-01,FIN,6.366667
2009-01-01,FIN,8.366667
2010-01-01,FIN,8.541667
2011-01-01,FIN,7.966667
2012-01-01,FIN,7.808333
2013-01-01,FIN,8.3
2014-01-01,FIN,8.75
2015-01-01,FIN,9.458333
2016-01-01,FIN,8.916667
2017-01-01,FIN,8.766666
2018-01-01,FIN,7.433333
2019-01-01,FIN,6.741667
2020-01-01,FIN,7.725
1983-01-01,FRA,8.758333
1984-01-01,FRA,10.05
1985-01-01,FRA,10.38333
1986-01-01,FRA,10.55
1987-01-01,FRA,10.65
1988-01-01,FRA,10.06667
1989-01-01,FRA,9.675
1990-01-01,FRA,9.366667
1991-01-01,FRA,9.625
1992-01-01,FRA,10.64167
1993-01-01,FRA,11.825
1994-01-01,FRA,12.275
1995-01-01,FRA,11.95
1996-01-01,FRA,12.4
1997-01-01,FRA,12.33333
1998-01-01,FRA,12.05
1999-01-01,FRA,11.31667
2000-01-01,FRA,9.558333
2001-01-01,FRA,8.741667
2002-01-01,FRA,8.633333
2003-01-01,FRA,8.508333
2004-01-01,FRA,8.9
2005-01-01,FRA,8.883333
2006-01-01,FRA,8.85
2007-01-01,FRA,8.016666
2008-01-01,FRA,7.433333
2009-01-01,FRA,9.116667
2010-01-01,FRA,9.275
2011-01-01,FRA,9.216666
2012-01-01,FRA,9.758333
2013-01-01,FRA,10.3
2014-01-01,FRA,10.275
2015-01-01,FRA,10.35
2016-01-01,FRA,10.06667
2017-01-01,FRA,9.425
2018-01-01,FRA,9.025
2019-01-01,FRA,8.433333
2020-01-01,FRA,8.033334
1991-01-01,DEU,5.525
1992-01-01,DEU,6.566667
1993-01-01,DEU,7.791667
1994-01-01,DEU,8.45
1995-01-01,DEU,8.25
1996-01-01,DEU,8.941667
1997-01-01,DEU,9.675
1998-01-01,DEU,9.45
1999-01-01,DEU,8.625
2000-01-01,DEU,8.008333
2001-01-01,DEU,7.858333
2002-01-01,DEU,8.683333
2003-01-01,DEU,9.808333
2004-01-01,DEU,10.5
2005-01-01,DEU,11.28333
2006-01-01,DEU,10.275
2007-01-01,DEU,8.541667
2008-01-01,DEU,7.425
2009-01-01,DEU,7.641667
2010-01-01,DEU,6.966667
2011-01-01,DEU,5.833333
2012-01-01,DEU,5.383333
2013-01-01,DEU,5.241667
2014-01-01,DEU,4.991667
2015-01-01,DEU,4.633333
2016-01-01,DEU,4.133333
2017-01-01,DEU,3.758333
2018-01-01,DEU,3.4
2019-01-01,DEU,3.15
2020-01-01,DEU,3.833333
1999-01-01,GRC,11.98333
2000-01-01,GRC,11.23333
2001-01-01,GRC,10.675
2002-01-01,GRC,10.33333
2003-01-01,GRC,9.741667
2004-01-01,GRC,10.60833
2005-01-01,GRC,10.00833
2006-01-01,GRC,9.033334
2007-01-01,GRC,8.416667
2008-01-01,GRC,7.766667
2009-01-01,GRC,9.625
2010-01-01,GRC,12.75
2011-01-01,GRC,17.91667
2012-01-01,GRC,24.49167
2013-01-01,GRC,27.49167
2014-01-01,GRC,26.55
2015-01-01,GRC,24.95833
2016-01-01,GRC,23.56667
2017-01-01,GRC,21.53333
2018-01-01,GRC,19.30833
2019-01-01,GRC,17.33333
2020-01-01,GRC,16.44167
1996-01-01,HUN,9.916667
1997-01-01,HUN,9.05
1998-01-01,HUN,8.708333
1999-01-01,HUN,6.866667
2000-01-01,HUN,6.266667
2001-01-01,HUN,5.575
2002-01-01,HUN,5.583333
2003-01-01,HUN,5.741667
2004-01-01,HUN,6.066667
2005-01-01,HUN,7.175
2006-01-01,HUN,7.458333
2007-01-01,HUN,7.391667
2008-01-01,HUN,7.8
2009-01-01,HUN,9.675
2010-01-01,HUN,10.8
2011-01-01,HUN,10.66667
2012-01-01,HUN,10.675
2013-01-01,HUN,9.85
2014-01-01,HUN,7.5
2015-01-01,HUN,6.633333
2016-01-01,HUN,4.975
2017-01-01,HUN,4.05
2018-01-01,HUN,3.591667
2019-01-01,HUN,3.3
2020-01-01,HUN,4.125
2003-01-01,ISL,3.516667
2004-01-01,ISL,3.408333
2005-01-01,ISL,2.883333
2006-01-01,ISL,3.208333
2007-01-01,ISL,2.475
2008-01-01,ISL,3.333333
2009-01-01,ISL,8.016666
2010-01-01,ISL,8.3
2011-01-01,ISL,7.675
2012-01-01,ISL,6.633333
2013-01-01,ISL,5.841667
2014-01-01,ISL,5.408333
2015-01-01,ISL,4.508333
2016-01-01,ISL,3.341667
2017-01-01,ISL,3.283333
2018-01-01,ISL,3.1
2019-01-01,ISL,3.933333
2020-01-01,ISL,6.433333
1983-01-01,IRL,13.90833
1984-01-01,IRL,15.5
1985-01-01,IRL,16.81667
1986-01-01,IRL,16.83333
1987-01-01,IRL,16.625
1988-01-01,IRL,16.225
1989-01-01,IRL,14.73333
1990-01-01,IRL,13.45
1991-01-01,IRL,14.75833
1992-01-01,IRL,15.39167
1993-01-01,IRL,15.64167
1994-01-01,IRL,14.34167
1995-01-01,IRL,12.29167
1996-01-01,IRL,11.66667
1997-01-01,IRL,9.875
1998-01-01,IRL,7.55
1999-01-01,IRL,5.866667
2000-01-01,IRL,4.4
2001-01-01,IRL,4.175
2002-01-01,IRL,4.725
2003-01-01,IRL,4.85
2004-01-01,IRL,4.741667
2005-01-01,IRL,4.633333
2006-01-01,IRL,4.791667
2007-01-01,IRL,5.0
2008-01-01,IRL,6.791667
2009-01-01,IRL,12.65833
2010-01-01,IRL,14.575
2011-01-01,IRL,15.40833
2012-01-01,IRL,15.48333
2013-01-01,IRL,13.775
2014-01-01,IRL,11.88333
2015-01-01,IRL,9.925
2016-01-01,IRL,8.408334
2017-01-01,IRL,6.733333
2018-01-01,IRL,5.775
2019-01-01,IRL,4.975
2020-01-01,IRL,5.85
1983-01-01,ITA,7.366667
1984-01-01,ITA,7.833333
1985-01-01,ITA,8.141666
1986-01-01,ITA,8.883333
1987-01-01,ITA,9.633333
1988-01-01,ITA,9.7
1989-01-01,ITA,9.7
1990-01-01,ITA,8.866667
1991-01-01,ITA,8.516666
1992-01-01,ITA,8.791667
1993-01-01,ITA,9.725
1994-01-01,ITA,10.65
1995-01-01,ITA,11.18333
1996-01-01,ITA,11.16667
1997-01-01,ITA,11.21667
1998-01-01,ITA,11.3
1999-01-01,ITA,10.86667
2000-01-01,ITA,10.05
2001-01-01,ITA,9.008333
2002-01-01,ITA,8.475
2003-01-01,ITA,8.433333
2004-01-01,ITA,8.05
2005-01-01,ITA,7.783333
2006-01-01,ITA,6.866667
2007-01-01,ITA,6.15
2008-01-01,ITA,6.775
2009-01-01,ITA,7.875
2010-01-01,ITA,8.541667
2011-01-01,ITA,8.508333
2012-01-01,ITA,10.88333
2013-01-01,ITA,12.375
2014-01-01,ITA,12.825
2015-01-01,ITA,12.025
2016-01-01,ITA,11.76667
2017-01-01,ITA,11.275
2018-01-01,ITA,10.675
2019-01-01,ITA,10.025
2020-01-01,ITA,9.283334
1955-01-01,JPN,2.508333
1956-01-01,JPN,2.291667
1957-01-01,JPN,1.925
1958-01-01,JPN,2.041667
1959-01-01,JPN,2.225
1960-01-01,JPN,1.625
1961-01-01,JPN,1.433333
1962-01-01,JPN,1.283333
1963-01-01,JPN,1.283333
1964-01-01,JPN,1.175
1965-01-01,JPN,1.216667
1966-01-01,JPN,1.308333
1967-01-01,JPN,1.258333
1968-01-01,JPN,1.183333
1969-01-01,JPN,1.125
1970-01-01,JPN,1.15
1971-01-01,JPN,1.225
1972-01-01,JPN,1.416667
1973-01-01,JPN,1.266667
1974-01-01,JPN,1.375
1975-01-01,JPN,1.891667
1976-01-01,JPN,2.008333
1977-01-01,JPN,2.025
1978-01-01,JPN,2.241667
1979-01-01,JPN,2.083333
1980-01-01,JPN,2.008333
1981-01-01,JPN,2.208333
1982-01-01,JPN,2.35
1983-01-01,JPN,2.658333
1984-01-01,JPN,2.708333
1985-01-01,JPN,2.616667
1986-01-01,JPN,2.758333
1987-01-01,JPN,2.85
1988-01-01,JPN,2.533333
1989-01-01,JPN,2.266667
1990-01-01,JPN,2.108333
1991-01-01,JPN,2.1
1992-01-01,JPN,2.15
1993-01-01,JPN,2.5
1994-01-01,JPN,2.891667
1995-01-01,JPN,3.15
1996-01-01,JPN,3.35
1997-01-01,JPN,3.4
1998-01-01,JPN,4.108333
1999-01-01,JPN,4.683333
2000-01-01,JPN,4.716667
2001-01-01,JPN,5.033333
2002-01-01,JPN,5.375
2003-01-01,JPN,5.258333
2004-01-01,JPN,4.716667
2005-01-01,JPN,4.425
2006-01-01,JPN,4.141667
2007-01-01,JPN,3.841667
2008-01-01,JPN,3.991667
2009-01-01,JPN,5.066667
2010-01-01,JPN,5.05
2011-01-01,JPN,4.583333
2012-01-01,JPN,4.35
2013-01-01,JPN,4.025
2014-01-01,JPN,3.591667
2015-01-01,JPN,3.375
2016-01-01,JPN,3.116667
2017-01-01,JPN,2.808333
2018-01-01,JPN,2.441667
2019-01-01,JPN,2.35
2020-01-01,JPN,2.775
1989-01-01,KOR,2.583333
1990-01-01,KOR,2.458333
1991-01-01,KOR,2.45
1992-01-01,KOR,2.525
1993-01-01,KOR,2.9
1994-01-01,KOR,2.475
1995-01-01,KOR,2.066667
1996-01-01,KOR,2.058333
1997-01-01,KOR,2.616667
1998-01-01,KOR,6.95
1999-01-01,KOR,6.583333
2000-01-01,KOR,4.425
2001-01-01,KOR,4.0
2002-01-01,KOR,3.258333
2003-01-01,KOR,3.55
2004-01-01,KOR,3.658333
2005-01-01,KOR,3.75
2006-01-01,KOR,3.475
2007-01-01,KOR,3.258333
2008-01-01,KOR,3.175
2009-01-01,KOR,3.633333
2010-01-01,KOR,3.708333
2011-01-01,KOR,3.408333
2012-01-01,KOR,3.225
2013-01-01,KOR,3.1
2014-01-01,KOR,3.491667
2015-01-01,KOR,3.591667
2016-01-01,KOR,3.675
2017-01-01,KOR,3.683333
2018-01-01,KOR,3.833333
2019-01-01,KOR,3.783333
2020-01-01,KOR,3.941667
1983-01-01,LUX,3.408333
1984-01-01,LUX,3.041667
1985-01-01,LUX,2.875
1986-01-01,LUX,2.533333
1987-01-01,LUX,2.45
1988-01-01,LUX,2.0
1989-01-01,LUX,1.783333
1990-01-01,LUX,1.658333
1991-01-01,LUX,1.658333
1992-01-01,LUX,2.066667
1993-01-01,LUX,2.583333
1994-01-01,LUX,3.175
1995-01-01,LUX,2.866667
1996-01-01,LUX,2.925
1997-01-01,LUX,2.7
1998-01-01,LUX,2.691667
1999-01-01,LUX,2.408333
2000-01-01,LUX,2.233333
2001-01-01,LUX,1.9
2002-01-01,LUX,2.558333
2003-01-01,LUX,3.808333
2004-01-01,LUX,4.95
2005-01-01,LUX,4.65
2006-01-01,LUX,4.575
2007-01-01,LUX,4.166667
2008-01-01,LUX,4.916667
2009-01-01,LUX,5.116667
2010-01-01,LUX,4.583333
2011-01-01,LUX,4.833333
2012-01-01,LUX,5.066667
2013-01-01,LUX,5.875
2014-01-01,LUX,6.05
2015-01-01,LUX,6.458333
2016-01-01,LUX,6.333333
2017-01-01,LUX,5.616667
2018-01-01,LUX,5.5
2019-01-01,LUX,5.591667
2020-01-01,LUX,6.708333
1987-01-01,MEX,3.883333
1988-01-01,MEX,3.541667
1989-01-01,MEX,2.925
1990-01-01,MEX,2.741667
1991-01-01,MEX,2.691667
1992-01-01,MEX,2.783333
1993-01-01,MEX,3.425
1994-01-01,MEX,3.641667
1995-01-01,MEX,6.266667
1996-01-01,MEX,5.525
1997-01-01,MEX,3.735
1998-01-01,MEX,3.16
1999-01-01,MEX,2.505
2000-01-01,MEX,2.505833
2001-01-01,MEX,2.756667
2002-01-01,MEX,2.978333
2003-01-01,MEX,3.405833
2004-01-01,MEX,3.915833
2005-01-01,MEX,3.595785
2006-01-01,MEX,3.596744
2007-01-01,MEX,3.721604
2008-01-01,MEX,3.974655
2009-01-01,MEX,5.479068
2010-01-01,MEX,5.380876
2011-01-01,MEX,5.233573
2012-01-01,MEX,4.952769
2013-01-01,MEX,4.929466
2014-01-01,MEX,4.828958
2015-01-01,MEX,4.352943
2016-01-01,MEX,3.881356
2017-01-01,MEX,3.419046
2018-01-01,MEX,3.328549
2019-01-01,MEX,3.49458
2020-01-01,MEX,4.433232
1983-01-01,NLD,9.508333
1984-01-01,NLD,9.291667
1985-01-01,NLD,8.45
1986-01-01,NLD,7.608333
1987-01-01,NLD,7.466667
1988-01-01,NLD,7.375
1989-01-01,NLD,6.675
1990-01-01,NLD,6.083333
1991-01-01,NLD,5.675
1992-01-01,NLD,5.758333
1993-01-01,NLD,6.466667
1994-01-01,NLD,7.191667
1995-01-01,NLD,8.358334
1996-01-01,NLD,7.675
1997-01-01,NLD,6.5
1998-01-01,NLD,5.133333
1999-01-01,NLD,4.233333
2000-01-01,NLD,3.666667
2001-01-01,NLD,3.075
2002-01-01,NLD,3.666667
2003-01-01,NLD,4.841667
2004-01-01,NLD,5.675
2005-01-01,NLD,5.883333
2006-01-01,NLD,5.008333
2007-01-01,NLD,4.175
2008-01-01,NLD,3.666667
2009-01-01,NLD,4.35
2010-01-01,NLD,5.008333
2011-01-01,NLD,4.991667
2012-01-01,NLD,5.825
2013-01-01,NLD,7.241667
2014-01-01,NLD,7.425
2015-01-01,NLD,6.891667
2016-01-01,NLD,6.025
2017-01-01,NLD,4.858333
2018-01-01,NLD,3.841667
2019-01-01,NLD,3.4
2020-01-01,NLD,3.833333
1956-01-01,NZL,0.0
1957-01-01,NZL,0.0
1958-01-01,NZL,0.1193317
1959-01-01,NZL,0.1172333
1960-01-01,NZL,0.1156069
1961-01-01,NZL,0.0
1962-01-01,NZL,0.1109878
1963-01-01,NZL,0.1086956
1964-01-01,NZL,0.1055966
1965-01-01,NZL,0.1020408
1966-01-01,NZL,0.09852216
1967-01-01,NZL,0.09596929
1968-01-01,NZL,0.7759457
1969-01-01,NZL,0.2859867
1970-01-01,NZL,0.09267841
1971-01-01,NZL,0.1829826
1972-01-01,NZL,0.4508566
1973-01-01,NZL,0.1746725
1974-01-01,NZL,0.0838223
1975-01-01,NZL,0.2465078
1976-01-01,NZL,0.322841
1977-01-01,NZL,0.317965
1978-01-01,NZL,1.657459
1979-01-01,NZL,1.942502
1980-01-01,NZL,2.242846
1981-01-01,NZL,3.601532
1982-01-01,NZL,3.536494
1983-01-01,NZL,5.663189
1984-01-01,NZL,5.743741
1985-01-01,NZL,4.181687
1986-01-01,NZL,4.175
1987-01-01,NZL,4.225
1988-01-01,NZL,5.8
1989-01-01,NZL,7.275
1990-01-01,NZL,7.975
1991-01-01,NZL,10.6
1992-01-01,NZL,10.65
1993-01-01,NZL,9.8
1994-01-01,NZL,8.35
1995-01-01,NZL,6.45
1996-01-01,NZL,6.3
1997-01-01,NZL,6.825
1998-01-01,NZL,7.725
1999-01-01,NZL,7.025
2000-01-01,NZL,6.15
2001-01-01,NZL,5.45
2002-01-01,NZL,5.3
2003-01-01,NZL,4.775
2004-01-01,NZL,4.025
2005-01-01,NZL,3.825
2006-01-01,NZL,3.85
2007-01-01,NZL,3.575
2008-01-01,NZL,4.025
2009-01-01,NZL,5.875
2010-01-01,NZL,6.225
2011-01-01,NZL,6.025
2012-01-01,NZL,6.475
2013-01-01,NZL,5.85
2014-01-01,NZL,5.425
2015-01-01,NZL,5.4
2016-01-01,NZL,5.125
2017-01-01,NZL,4.725
2018-01-01,NZL,4.325
2019-01-01,NZL,4.1
2020-01-01,NZL,4.6
1989-01-01,NOR,4.883333
1990-01-01,NOR,5.216667
1991-01-01,NOR,5.45
1992-01-01,NOR,5.925
1993-01-01,NOR,5.95
1994-01-01,NOR,5.408333
1995-01-01,NOR,4.933333
1996-01-01,NOR,4.75
1997-01-01,NOR,3.916667
1998-01-01,NOR,3.091667
1999-01-01,NOR,3.033333
2000-01-01,NOR,3.241667
2001-01-01,NOR,3.408333
2002-01-01,NOR,3.666667
2003-01-01,NOR,4.208333
2004-01-01,NOR,4.275
2005-01-01,NOR,4.525
2006-01-01,NOR,3.425
2007-01-01,NOR,2.558333
2008-01-01,NOR,2.725
2009-01-01,NOR,3.283333
2010-01-01,NOR,3.733333
2011-01-01,NOR,3.408333
2012-01-01,NOR,3.3
2013-01-01,NOR,3.758333
2014-01-01,NOR,3.633333
2015-01-01,NOR,4.5
2016-01-01,NOR,4.758333
2017-01-01,NOR,4.191667
2018-01-01,NOR,3.875
2019-01-01,NOR,3.7
2020-01-01,NOR,4.6
1997-01-01,POL,10.86667
1998-01-01,POL,10.16667
1999-01-01,POL,13.39167
2000-01-01,POL,16.075
2001-01-01,POL,18.30833
2002-01-01,POL,20.03333
2003-01-01,POL,19.75
2004-01-01,POL,19.14167
2005-01-01,POL,17.925
2006-01-01,POL,13.96667
2007-01-01,POL,9.608334
2008-01-01,POL,7.041667
2009-01-01,POL,8.116667
2010-01-01,POL,9.675
2011-01-01,POL,9.65
2012-01-01,POL,10.10833
2013-01-01,POL,10.34167
2014-01-01,POL,9.016666
2015-01-01,POL,7.525
2016-01-01,POL,6.191667
2017-01-01,POL,4.883333
2018-01-01,POL,3.858333
2019-01-01,POL,3.283333
2020-01-01,POL,3.158333
1983-01-01,PRT,8.175
1984-01-01,PRT,8.866667
1985-01-01,PRT,9.15
1986-01-01,PRT,8.8
1987-01-01,PRT,7.233333
1988-01-01,PRT,5.841667
1989-01-01,PRT,5.183333
1990-01-01,PRT,4.8
1991-01-01,PRT,4.183333
1992-01-01,PRT,4.125
1993-01-01,PRT,5.5
1994-01-01,PRT,6.825
1995-01-01,PRT,7.183333
1996-01-01,PRT,7.241667
1997-01-01,PRT,6.741667
1998-01-01,PRT,6.1
1999-01-01,PRT,5.725
2000-01-01,PRT,5.266667
2001-01-01,PRT,5.375
2002-01-01,PRT,6.466667
2003-01-01,PRT,7.808333
2004-01-01,PRT,8.166667
2005-01-01,PRT,9.233334
2006-01-01,PRT,9.3
2007-01-01,PRT,9.583333
2008-01-01,PRT,9.241667
2009-01-01,PRT,11.225
2010-01-01,PRT,12.58333
2011-01-01,PRT,13.51667
2012-01-01,PRT,16.575
2013-01-01,PRT,17.175
2014-01-01,PRT,14.65
2015-01-01,PRT,13.025
2016-01-01,PRT,11.46667
2017-01-01,PRT,9.225
2018-01-01,PRT,7.166667
2019-01-01,PRT,6.675
2020-01-01,PRT,7.116667
1998-01-01,SVK,12.70833
1999-01-01,SVK,16.49167
2000-01-01,SVK,18.90833
2001-01-01,SVK,19.45833
2002-01-01,SVK,18.80833
2003-01-01,SVK,17.69167
2004-01-01,SVK,18.35833
2005-01-01,SVK,16.375
2006-01-01,SVK,13.46667
2007-01-01,SVK,11.23333
2008-01-01,SVK,9.575
2009-01-01,SVK,12.11667
2010-01-01,SVK,14.5
2011-01-01,SVK,13.68333
2012-01-01,SVK,13.95833
2013-01-01,SVK,14.225
2014-01-01,SVK,13.20833
2015-01-01,SVK,11.5
2016-01-01,SVK,9.666667
2017-01-01,SVK,8.125
2018-01-01,SVK,6.541667
2019-01-01,SVK,5.766667
2020-01-01,SVK,6.7
1987-01-01,ESP,19.71667
1988-01-01,ESP,18.69167
1989-01-01,ESP,16.54167
1990-01-01,ESP,15.45833
1991-01-01,ESP,15.5
1992-01-01,ESP,17.01667
1993-01-01,ESP,20.84167
1994-01-01,ESP,22.05
1995-01-01,ESP,20.75
1996-01-01,ESP,19.89167
1997-01-01,ESP,18.39167
1998-01-01,ESP,16.40833
1999-01-01,ESP,13.6
2000-01-01,ESP,11.91667
2001-01-01,ESP,10.55833
2002-01-01,ESP,11.44167
2003-01-01,ESP,11.49167
2004-01-01,ESP,10.95833
2005-01-01,ESP,9.166667
2006-01-01,ESP,8.458333
2007-01-01,ESP,8.225
2008-01-01,ESP,11.26667
2009-01-01,ESP,17.86667
2010-01-01,ESP,19.875
2011-01-01,ESP,21.40833
2012-01-01,ESP,24.79167
2013-01-01,ESP,26.11667
2014-01-01,ESP,24.45
2015-01-01,ESP,22.075
2016-01-01,ESP,19.65
2017-01-01,ESP,17.23333
2018-01-01,ESP,15.26667
2019-01-01,ESP,14.10833
2020-01-01,ESP,15.53333
1983-01-01,SWE,3.666667
1984-01-01,SWE,3.266667
1985-01-01,SWE,2.883333
1986-01-01,SWE,2.691667
1987-01-01,SWE,2.191667
1988-01-01,SWE,1.8
1989-01-01,SWE,1.558333
1990-01-01,SWE,1.716667
1991-01-01,SWE,3.1
1992-01-01,SWE,5.558333
1993-01-01,SWE,9.05
1994-01-01,SWE,9.358334
1995-01-01,SWE,8.8
1996-01-01,SWE,9.558333
1997-01-01,SWE,9.891666
1998-01-01,SWE,8.2
1999-01-01,SWE,6.733333
2000-01-01,SWE,5.6
2001-01-01,SWE,5.825
2002-01-01,SWE,5.95
2003-01-01,SWE,6.566667
2004-01-01,SWE,7.375
2005-01-01,SWE,7.641667
2006-01-01,SWE,7.041667
2007-01-01,SWE,6.116667
2008-01-01,SWE,6.166667
2009-01-01,SWE,8.3
2010-01-01,SWE,8.575
2011-01-01,SWE,7.766667
2012-01-01,SWE,7.966667
2013-01-01,SWE,8.0
2014-01-01,SWE,7.933333
2015-01-01,SWE,7.4
2016-01-01,SWE,6.95
2017-01-01,SWE,6.683333
2018-01-01,SWE,6.325
2019-01-01,SWE,6.766667
2020-01-01,SWE,8.291667
2010-01-01,CHE,4.803626
2011-01-01,CHE,4.401669
2012-01-01,CHE,4.484188
2013-01-01,CHE,4.747292
2014-01-01,CHE,4.829988
2015-01-01,CHE,4.800639
2016-01-01,CHE,4.91918
2017-01-01,CHE,4.797587
2018-01-01,CHE,4.714414
2019-01-01,CHE,4.394452
2020-01-01,CHE,4.815328
2005-01-01,TUR,9.508333
2006-01-01,TUR,9.066667
2007-01-01,TUR,9.158334
2008-01-01,TUR,10.025
2009-01-01,TUR,13.04167
2010-01-01,TUR,11.15
2011-01-01,TUR,9.141666
2012-01-01,TUR,8.433333
2013-01-01,TUR,9.05
2014-01-01,TUR,9.891666
2015-01-01,TUR,10.33333
2016-01-01,TUR,10.90833
2017-01-01,TUR,10.925
2018-01-01,TUR,10.9
2019-01-01,TUR,13.73333
2020-01-01,TUR,13.14167
1983-01-01,GBR,10.775
1984-01-01,GBR,10.85
1985-01-01,GBR,11.175
1986-01-01,GBR,11.2
1987-01-01,GBR,10.275
1988-01-01,GBR,8.45
1989-01-01,GBR,7.075
1990-01-01,GBR,6.825
1991-01-01,GBR,8.6
1992-01-01,GBR,9.855444
1993-01-01,GBR,10.39069
1994-01-01,GBR,9.512666
1995-01-01,GBR,8.638574
1996-01-01,GBR,8.113807
1997-01-01,GBR,6.98159
1998-01-01,GBR,6.26345
1999-01-01,GBR,5.979465
2000-01-01,GBR,5.458603
2001-01-01,GBR,5.09697
2002-01-01,GBR,5.184958
2003-01-01,GBR,5.007329
2004-01-01,GBR,4.747302
2005-01-01,GBR,4.823375
2006-01-01,GBR,5.417598
2007-01-01,GBR,5.32914
2008-01-01,GBR,5.68196
2009-01-01,GBR,7.611054
2010-01-01,GBR,7.867382
2011-01-01,GBR,8.106182
2012-01-01,GBR,7.965578
2013-01-01,GBR,7.603673
2014-01-01,GBR,6.178483
2015-01-01,GBR,5.383935
2016-01-01,GBR,4.892704
2017-01-01,GBR,4.401906
2018-01-01,GBR,4.080814
2019-01-01,GBR,3.833521
2020-01-01,GBR,4.551465
1955-01-01,USA,4.383333
1956-01-01,USA,4.141667
1957-01-01,USA,4.258333
1958-01-01,USA,6.8
1959-01-01,USA,5.475
1960-01-01,USA,5.508333
1961-01-01,USA,6.683333
1962-01-01,USA,5.541667
1963-01-01,USA,5.666667
1964-01-01,USA,5.191667
1965-01-01,USA,4.525
1966-01-01,USA,3.783333
1967-01-01,USA,3.841667
1968-01-01,USA,3.583333
1969-01-01,USA,3.508333
1970-01-01,USA,4.933333
1971-01-01,USA,5.958333
1972-01-01,USA,5.616667
1973-01-01,USA,4.891667
1974-01-01,USA,5.591667
1975-01-01,USA,8.466666
1976-01-01,USA,7.716667
1977-01-01,USA,7.066667
1978-01-01,USA,6.066667
1979-01-01,USA,5.833333
1980-01-01,USA,7.141667
1981-01-01,USA,7.6
1982-01-01,USA,9.708333
1983-01-01,USA,9.616667
1984-01-01,USA,7.525
1985-01-01,USA,7.191667
1986-01-01,USA,6.991667
1987-01-01,USA,6.191667
1988-01-01,USA,5.491667
1989-01-01,USA,5.266667
1990-01-01,USA,5.616667
1991-01-01,USA,6.816667
1992-01-01,USA,7.508333
1993-01-01,USA,6.9
1994-01-01,USA,6.083333
1995-01-01,USA,5.608333
1996-01-01,USA,5.416667
1997-01-01,USA,4.95
1998-01-01,USA,4.508333
1999-01-01,USA,4.216667
2000-01-01,USA,3.991667
2001-01-01,USA,4.733333
2002-01-01,USA,5.775
2003-01-01,USA,5.991667
2004-01-01,USA,5.533333
2005-01-01,USA,5.066667
2006-01-01,USA,4.616667
2007-01-01,USA,4.616667
2008-01-01,USA,5.775
2009-01-01,USA,9.266666
2010-01-01,USA,9.616667
2011-01-01,USA,8.95
2012-01-01,USA,8.066667
2013-01-01,USA,7.375
2014-01-01,USA,6.166667
2015-01-01,USA,5.291667
2016-01-01,USA,4.866667
2017-01-01,USA,4.35
2018-01-01,USA,3.9
2019-01-01,USA,3.666667
2020-01-01,USA,8.091666
1986-01-01,CHL,12.115
1987-01-01,CHL,10.9275
1988-01-01,CHL,9.7525
1989-01-01,CHL,7.9025
1990-01-01,CHL,7.7575
1991-01-01,CHL,8.155
1992-01-01,CHL,6.665
1993-01-01,CHL,6.5425
1994-01-01,CHL,7.815
1995-01-01,CHL,7.3025
1996-01-01,CHL,6.325
1997-01-01,CHL,6.115
1998-01-01,CHL,6.395
1999-01-01,CHL,10.1375
2000-01-01,CHL,9.6675
2001-01-01,CHL,9.8525
2002-01-01,CHL,9.805
2003-01-01,CHL,9.54
2004-01-01,CHL,10.0075
2005-01-01,CHL,9.235
2006-01-01,CHL,7.8
2007-01-01,CHL,7.13
2008-01-01,CHL,7.7925
2009-01-01,CHL,9.675
2010-01-01,CHL,8.15
2011-01-01,CHL,7.125
2012-01-01,CHL,6.545561
2013-01-01,CHL,6.08222
2014-01-01,CHL,6.495096
2015-01-01,CHL,6.328377
2016-01-01,CHL,6.684913
2017-01-01,CHL,6.965175
2018-01-01,CHL,7.376639
2019-01-01,CHL,7.22264
2020-01-01,CHL,10.77024
1997-01-01,EST,9.625
1998-01-01,EST,9.15
1999-01-01,EST,11.35
2000-01-01,EST,14.45833
2001-01-01,EST,13.04167
2002-01-01,EST,11.33333
2003-01-01,EST,10.35
2004-01-01,EST,10.08333
2005-01-01,EST,7.975
2006-01-01,EST,5.941667
2007-01-01,EST,4.6
2008-01-01,EST,5.516667
2009-01-01,EST,13.475
2010-01-01,EST,16.58333
2011-01-01,EST,12.35
2012-01-01,EST,9.908334
2013-01-01,EST,8.491667
2014-01-01,EST,7.316667
2015-01-01,EST,6.158333
2016-01-01,EST,6.691667
2017-01-01,EST,5.766667
2018-01-01,EST,5.533333
2019-01-01,EST,4.533333
2020-01-01,EST,6.783333
1995-01-01,ISR,6.869637
1996-01-01,ISR,6.677445
1997-01-01,ISR,7.673759
1998-01-01,ISR,8.535764
1999-01-01,ISR,8.884659
2000-01-01,ISR,8.770606
2001-01-01,ISR,9.348134
2002-01-01,ISR,10.29844
2003-01-01,ISR,10.71266
2004-01-01,ISR,10.36771
2005-01-01,ISR,8.989903
2006-01-01,ISR,8.403837
2007-01-01,ISR,7.318558
2008-01-01,ISR,6.099141
2009-01-01,ISR,7.544086
2010-01-01,ISR,6.636595
2011-01-01,ISR,5.602376
2012-01-01,ISR,6.85
2013-01-01,ISR,6.208333
2014-01-01,ISR,5.908333
2015-01-01,ISR,5.241667
2016-01-01,ISR,4.808333
2017-01-01,ISR,4.216667
2018-01-01,ISR,4.0
2019-01-01,ISR,3.8
2020-01-01,ISR,4.325
1996-01-01,SVN,6.891667
1997-01-01,SVN,6.916667
1998-01-01,SVN,7.366667
1999-01-01,SVN,7.408333
2000-01-01,SVN,6.741667
2001-01-01,SVN,6.191667
2002-01-01,SVN,6.341667
2003-01-01,SVN,6.7
2004-01-01,SVN,6.341667
2005-01-01,SVN,6.541667
2006-01-01,SVN,5.991667
2007-01-01,SVN,4.858333
2008-01-01,SVN,4.391667
2009-01-01,SVN,5.891667
2010-01-01,SVN,7.3
2011-01-01,SVN,8.241667
2012-01-01,SVN,8.916667
2013-01-01,SVN,10.175
2014-01-01,SVN,9.791667
2015-01-01,SVN,9.025
2016-01-01,SVN,8.025
2017-01-01,SVN,6.6
2018-01-01,SVN,5.158333
2019-01-01,SVN,4.466667
2020-01-01,SVN,5.0
2005-01-01,OECD,6.847052
2006-01-01,OECD,6.331593
2007-01-01,OECD,5.838046
2008-01-01,OECD,6.166872
2009-01-01,OECD,8.31604
2010-01-01,OECD,8.52832
2011-01-01,OECD,8.116277
2012-01-01,OECD,8.097895
2013-01-01,OECD,8.006882
2014-01-01,OECD,7.450135
2015-01-01,OECD,6.88683
2016-01-01,OECD,6.469697
2017-01-01,OECD,5.93979
2018-01-01,OECD,5.50292
2019-01-01,OECD,5.422396
2020-01-01,OECD,7.154215
1991-01-01,G-7,6.366811
1992-01-01,G-7,7.014071
1993-01-01,G-7,7.211086
1994-01-01,G-7,7.018174
1995-01-01,G-7,6.741108
1996-01-01,G-7,6.773658
1997-01-01,G-7,6.552429
1998-01-01,G-7,6.37944
1999-01-01,G-7,6.137665
2000-01-01,G-7,5.698733
2001-01-01,G-7,5.898816
2002-01-01,G-7,6.481965
2003-01-01,G-7,6.645479
2004-01-01,G-7,6.400585
2005-01-01,G-7,6.221782
2006-01-01,G-7,5.816313
2007-01-01,G-7,5.421414
2008-01-01,G-7,5.843527
2009-01-01,G-7,8.016138
2010-01-01,G-7,8.169156
2011-01-01,G-7,7.65432
2012-01-01,G-7,7.384168
2013-01-01,G-7,7.114743
2014-01-01,G-7,6.398038
2015-01-01,G-7,5.820534
2016-01-01,G-7,5.469173
2017-01-01,G-7,4.994215
2018-01-01,G-7,4.559374
2019-01-01,G-7,4.291934
2020-01-01,G-7,6.480737
1991-01-01,EA19,7.840147
1992-01-01,EA19,8.50725
1993-01-01,EA19,10.16667
1994-01-01,EA19,10.85833
1995-01-01,EA19,10.65
1996-01-01,EA19,10.78333
1997-01-01,EA19,10.75833
1998-01-01,EA19,10.55
1999-01-01,EA19,9.816667
2000-01-01,EA19,8.883333
2001-01-01,EA19,8.308333
2002-01-01,EA19,8.6
2003-01-01,EA19,9.075
2004-01-01,EA19,9.325
2005-01-01,EA19,9.183333
2006-01-01,EA19,8.433333
2007-01-01,EA19,7.55
2008-01-01,EA19,7.6
2009-01-01,EA19,9.691667
2010-01-01,EA19,10.28333
2011-01-01,EA19,10.26667
2012-01-01,EA19,11.45833
2013-01-01,EA19,12.075
2014-01-01,EA19,11.65833
2015-01-01,EA19,10.9
2016-01-01,EA19,10.05833
2017-01-01,EA19,9.091666
2018-01-01,EA19,8.208333
2019-01-01,EA19,7.583333
2020-01-01,EA19,7.916667
1999-01-01,LVA,14.06667
2000-01-01,LVA,14.34167
2001-01-01,LVA,13.48333
2002-01-01,LVA,12.49167
2003-01-01,LVA,11.64167
2004-01-01,LVA,11.75
2005-01-01,LVA,10.05
2006-01-01,LVA,7.041667
2007-01-01,LVA,6.058333
2008-01-01,LVA,7.741667
2009-01-01,LVA,17.56667
2010-01-01,LVA,19.475
2011-01-01,LVA,16.21667
2012-01-01,LVA,15.04167
2013-01-01,LVA,11.875
2014-01-01,LVA,10.85
2015-01-01,LVA,9.883333
2016-01-01,LVA,9.633333
2017-01-01,LVA,8.708333
2018-01-01,LVA,7.4
2019-01-01,LVA,6.308333
2020-01-01,LVA,8.1
1999-01-01,LTU,14.64167
2000-01-01,LTU,16.44167
2001-01-01,LTU,17.41667
2002-01-01,LTU,13.775
2003-01-01,LTU,12.43333
2004-01-01,LTU,10.89167
2005-01-01,LTU,8.316667
2006-01-01,LTU,5.791667
2007-01-01,LTU,4.258333
2008-01-01,LTU,5.825
2009-01-01,LTU,13.8
2010-01-01,LTU,17.84167
2011-01-01,LTU,15.39167
2012-01-01,LTU,13.40833
2013-01-01,LTU,11.8
2014-01-01,LTU,10.725
2015-01-01,LTU,9.133333
2016-01-01,LTU,7.9
2017-01-01,LTU,7.116667
2018-01-01,LTU,6.183333
2019-01-01,LTU,6.283333
2020-01-01,LTU,8.516666
2007-01-01,COL,11.2225
2008-01-01,COL,11.2775
2009-01-01,COL,12.08
2010-01-01,COL,11.84167
2011-01-01,COL,10.895
2012-01-01,COL,10.43417
2013-01-01,COL,9.705833
2014-01-01,COL,9.166667
2015-01-01,COL,8.960834
2016-01-01,COL,9.274167
2017-01-01,COL,9.425834
2018-01-01,COL,9.719167
2019-01-01,COL,10.545
2020-01-01,COL,16.13417
2000-01-01,EU27_2020,8.983334
2001-01-01,EU27_2020,8.733334
2002-01-01,EU27_2020,9.05
2003-01-01,EU27_2020,9.816667
2004-01-01,EU27_2020,9.966666
2005-01-01,EU27_2020,9.683333
2006-01-01,EU27_2020,8.708333
2007-01-01,EU27_2020,7.516667
2008-01-01,EU27_2020,7.266667
2009-01-01,EU27_2020,9.225
2010-01-01,EU27_2020,9.941667
2011-01-01,EU27_2020,9.941667
2012-01-01,EU27_2020,10.94167
2013-01-01,EU27_2020,11.45
2014-01-01,EU27_2020,10.9
2015-01-01,EU27_2020,10.075
2016-01-01,EU27_2020,9.175
2017-01-01,EU27_2020,8.175
2018-01-01,EU27_2020,7.3
2019-01-01,EU27_2020,6.733333
2020-01-01,EU27_2020,7.108333
2011-01-01,CRI,10.2283
2012-01-01,CRI,10.14184
2013-01-01,CRI,9.499059
2014-01-01,CRI,9.579739
2015-01-01,CRI,9.606182
2016-01-01,CRI,9.472075
2017-01-01,CRI,9.174437
2018-01-01,CRI,10.17895
2019-01-01,CRI,11.7715
2020-01-01,CRI,19.68985
