,country_code,country,year,gdppc,gini,prog,pubspend_ppp_pc
17416,AUS,Australia,2012,68072.8732340801,0.326,total,7954.757
21350,AUS,Australia,2014,62544.0873773726,0.337,total,8303.351
2044,AUS,Australia,2016,49888.0410842736,0.33,total,8313.147
24283,AUS,Australia,2018,57196.4220783778,0.325,total,8050.393
13084,AUT,Austria,2007,46622.9622913635,0.283942378439011,total,12630.658
32798,AUT,Austria,2008,51581.3982361071,0.280397641755165,total,13010.114
30865,AUT,Austria,2009,47857.4446635266,0.288503405422668,total,13457.806
11677,AUT,Austria,2010,46611.1393420232,0.279633630439701,total,13719.511
24276,AUT,Austria,2011,51116.8953522042,0.281232552404136,total,13662.623
35213,AUT,Austria,2012,48250.4059142637,0.275904886606956,total,13884.807
11480,AUT,Austria,2013,50305.3545774973,0.280076464485942,total,14014.806
31330,AUT,Austria,2014,51314.9722616322,0.274456599245021,total,14109.365
19938,AUT,Austria,2015,43915.228020857,0.275251661569913,total,14114.07
11732,AUT,Austria,2016,45061.4993920192,0.28375175398382,total,14181.054
35646,AUT,Austria,2017,47163.7425775142,0.275117683038337,total,14220.501
30533,AUT,Austria,2018,51194.0749841299,0.279773473806746,total,14367.988
20605,AUT,Austria,2019,49885.9947355204,0.273526859715697,total,14594.203
22016,BEL,Belgium,2018,47487.2100392561,0.258198113374853,total,13546.204
32021,BEL,Belgium,2019,46716.6227467964,0.261804121636575,total,13691.052
32928,CAN,Canada,2000,24271.0020563821,0.315,total,6119.924
14661,CAN,Canada,2001,23822.096210932,0.317,total,6350.497
10668,CAN,Canada,2002,24256.0192337185,0.317,total,6459.073
24875,CAN,Canada,2003,28301.8645937428,0.315,total,6565.73
17541,CAN,Canada,2004,32145.5412620217,0.321,total,6706.898
38203,CAN,Canada,2005,36383.6600068095,0.315,total,6783.748
11822,CAN,Canada,2006,40504.0370977806,0.316,total,7053.213
32202,CAN,Canada,2007,44660.0838892281,0.317,total,7072.775
19485,CAN,Canada,2008,46710.2526864484,0.315,total,7034.888
38249,CAN,Canada,2009,40874.8831932903,0.316,total,7580.639
13799,CAN,Canada,2010,47560.6666009406,0.316,total,7524.994
3302,CAN,Canada,2011,52223.8588398531,0.313,total,7435.907
32733,CAN,Canada,2012,52670.3447335415,0.317,total,7553.319
25559,CAN,Canada,2013,52638.1187235237,0.319,total,7554.484
35378,CAN,Canada,2014,50960.8431174661,0.312,total,7622.718
16578,CAN,Canada,2015,43594.1941045394,0.318,total,8074.997
22463,CAN,Canada,2016,42314.0615817218,0.307,total,8268.268
25381,CAN,Canada,2017,45129.628116623,0.31,total,8277.271
38967,CAN,Canada,2018,46539.1761570405,0.304,total,8335.48
14829,CAN,Canada,2019,46352.8693445211,0.3,total,8590.747
10196,CAN,Canada,2020,43537.839298904,0.28,total,10991.533
38731,CHL,Chile,2009,10098.8017166866,0.48,total,2158.677
11528,CHL,Chile,2011,14487.3927827263,0.471,total,2092.518
39687,CHL,Chile,2013,15683.54863663,0.465,total,2249.454
15390,CHL,Chile,2015,13433.9202985339,0.454,total,2473.578
22833,CHL,Chile,2017,14879.9086230423,0.46,total,2606.064
36113,CHL,Chile,2020,13114.815470545,0.495882187,total,3189.226
38104,CRI,Costa Rica,2011,9276.39107511347,0.48025624,total,1987.399
32271,CRI,Costa Rica,2012,10126.9991024177,0.48321097,total,2004.359
25320,CRI,Costa Rica,2013,10803.2401962173,0.49361589,total,2107.148
32143,CRI,Costa Rica,2014,10911.497878334,0.48488472,total,2116.672
36442,CRI,Costa Rica,2015,11714.7105980732,0.47906188,total,2220.387
37782,CRI,Costa Rica,2016,12091.0301606154,0.48377332,total,2229.807
6832,CRI,Costa Rica,2017,12317.0902771304,0.48028401,total,2273.736
16648,CRI,Costa Rica,2018,12590.2493781614,0.47897549,total,2369.969
29535,CRI,Costa Rica,2019,12884.6859951989,0.47836865,total,2366.889
4662,CRI,Costa Rica,2020,12394.0493969492,0.496726,total,2640.123
39699,CZE,Czechia,2004,11782.5546676117,0.267370111070985,total,4768.506
26920,CZE,Czechia,2005,13442.4916284309,0.260544074064409,total,5087.412
24361,CZE,Czechia,2006,15259.0788162004,0.260391150746389,total,5314.13
37797,CZE,Czechia,2007,18452.6532812196,0.256065786428691,total,5511.159
30042,CZE,Czechia,2008,22774.7045076205,0.259214990582911,total,5698.53
483,CZE,Czechia,2009,19817.4215836554,0.256940432554379,total,6096.932
26089,CZE,Czechia,2010,20160.4355077059,0.259525100995554,total,6095.704
37204,CZE,Czechia,2011,22049.1080788682,0.257334877499148,total,6231.601
35499,CZE,Czechia,2012,20014.0354015165,0.254003526597362,total,6271.046
9935,CZE,Czechia,2013,20260.4954999375,0.25912320166138,total,6519.553
18150,CZE,Czechia,2014,20038.4163180257,0.257334505985223,total,6466.604
7383,CZE,Czechia,2015,17931.5987670768,0.257863698985322,total,6529.999
27662,CZE,Czechia,2016,18753.9686718096,0.253094150825949,total,6545.078
12501,CZE,Czechia,2017,20913.197632212,0.248991292443205,total,6888.612
37743,CZE,Czechia,2018,23705.9329811299,0.248547947936461,total,7150.607
23893,CZE,Czechia,2019,24062.7190013343,0.248264747158995,total,7477.65
1786,DNK,Denmark,2011,61809.737898222,0.2505,total,14280.39
16531,DNK,Denmark,2012,58443.7747103968,0.2488,total,14345.436
38493,DNK,Denmark,2013,61377.5940590412,0.2539,total,14348.039
14573,DNK,Denmark,2014,62520.4509747011,0.2561,total,14489.243
32080,DNK,Denmark,2015,53094.0133607574,0.2633,total,14705.184
9927,DNK,Denmark,2016,54500.9260410217,0.2609,total,14783.465
7607,DNK,Denmark,2017,57521.5514992225,0.264,total,14874.909
18055,DNK,Denmark,2018,61324.7665045565,0.2632,total,14863.091
19291,DNK,Denmark,2019,59404.2663247723,0.2678,total,14974.039
8125,EST,Estonia,2013,19310.3874900757,0.355813701717699,total,4157.54
1098,EST,Estonia,2014,20581.7898991695,0.345843553840909,total,4366.497
7118,EST,Estonia,2015,17722.1557669523,0.330297474104402,total,4732.358
36478,EST,Estonia,2016,18666.3736521706,0.314239075122793,total,4953.266
3273,EST,Estonia,2017,20851.5223496861,0.308786926496072,total,5089.269
18593,EST,Estonia,2018,23618.1361254581,0.305190606217383,total,5416.614
36929,EST,Estonia,2019,24021.2501413306,0.304540204786705,total,5797.954
39225,FIN,Finland,2000,24335.9225082659,0.254473448,total,8535.115
6746,FIN,Finland,2001,24965.202996776,0.261557672,total,8669.102
1684,FIN,Finland,2002,26989.389260959,0.257682445,total,9078.234
23246,FIN,Finland,2003,32920.0857192568,0.261181006,total,9496.754
20958,FIN,Finland,2004,37768.1334202029,0.265586149,total,9891.392
5035,FIN,Finland,2005,39049.8703780223,0.2652048,total,10118.481
30649,FIN,Finland,2006,41214.0187765069,0.267518084,total,10404.598
14562,FIN,Finland,2007,48473.0240091455,0.269084998,total,10493.483
16973,FIN,Finland,2008,53769.4726240385,0.264328194,total,10753.324
10120,FIN,Finland,2009,47478.3495310999,0.258822018,total,11348.178
19088,FIN,Finland,2010,46506.2919016566,0.26379935,total,11856.876
31039,FIN,Finland,2011,51060.3242589767,0.264132509,total,11951.797
38834,FIN,Finland,2012,47551.6740841369,0.259831388,total,12274.702
24601,FIN,Finland,2013,49691.0145200739,0.26168,total,12581.635
26945,FIN,Finland,2014,50073.7760815871,0.25735,total,12793.893
20304,FIN,Finland,2015,42560.3456767103,0.26001,total,12971.579
6708,FIN,Finland,2016,43451.2562442158,0.25878,total,13262.14
29254,FIN,Finland,2017,46085.0174739036,0.26634,total,13264.601
1822,FIN,Finland,2018,49654.2497035329,0.26886,total,13296.428
15819,FIN,Finland,2019,48358.1807773701,0.27289,total,13476.276
20072,FRA,France,2020,39169.8606000707,0.278,total,13792.684
33203,DEU,Germany,2008,46386.3295924799,0.28473,total,10978.49
34352,DEU,Germany,2011,47646.582043143,0.2905,total,11466.571
25012,DEU,Germany,2012,44735.5882319701,0.2888,total,11445.496
3035,DEU,Germany,2013,47220.0102098851,0.29215,total,11551.302
31699,DEU,Germany,2014,48971.0824722599,0.2887,total,11735.624
30962,DEU,Germany,2015,41911.0109851054,0.29318,total,11935.594
2045,DEU,Germany,2016,42961.0356905775,0.29441,total,12204.285
35732,DEU,Germany,2017,45526.5999576533,0.28916,total,12464.482
23641,DEU,Germany,2018,48874.8595028454,0.28934,total,12578.368
1089,DEU,Germany,2019,47623.8656074829,0.2959,total,12829.673
29228,GRC,Greece,2004,21449.2552764245,0.332843633580053,total,5992.721
2140,GRC,Greece,2005,22054.1315756886,0.345128504231271,total,6413.104
1728,GRC,Greece,2006,24416.0232970275,0.337018102548361,total,6701.621
26308,GRC,Greece,2007,28440.7625328955,0.328625708394451,total,7172.503
39206,GRC,Greece,2008,31695.8331092209,0.328052413209581,total,7638.156
15521,GRC,Greece,2009,29425.4573200263,0.329748023000595,total,8081.577
3505,GRC,Greece,2010,26653.0488008626,0.335532196243245,total,7981.756
2695,GRC,Greece,2011,25504.7866510124,0.333415393694577,total,7597.532
13277,GRC,Greece,2012,21624.346052551,0.338052745889481,total,7355.496
21084,GRC,Greece,2013,21573.3449762805,0.341865643617085,total,6700.06
35227,GRC,Greece,2014,21474.7257123892,0.338536155445739,total,6790.59
20522,GRC,Greece,2015,17980.7298238137,0.340272815292087,total,6881.753
6501,GRC,Greece,2016,17919.2426377048,0.333206403990746,total,6963.485
22932,GRC,Greece,2017,18631.9930129293,0.319101913420079,total,6822.624
39435,GRC,Greece,2018,19873.4015238771,0.305565671794549,total,6905.369
17820,GRC,Greece,2019,19335.3602002969,0.31154915421693,total,7053.496
37207,HUN,Hungary,2006,11489.5608654088,0.264080113295389,total,5473.644
7175,HUN,Hungary,2007,13940.9092761999,0.257186548743834,total,5562.45
37471,HUN,Hungary,2008,15772.3300839383,0.246494640681432,total,5690.702
28495,HUN,Hungary,2009,13077.305465178,0.240725396626886,total,5455.976
25104,HUN,Hungary,2010,13217.5045951108,0.26616649566256,total,5436.942
2836,HUN,Hungary,2011,14234.471576937,0.269245702686534,total,5397.511
8663,HUN,Hungary,2012,12984.8365730133,0.279470718259783,total,5433.445
9882,HUN,Hungary,2013,13715.0703590361,0.285864423519134,total,5470.537
20967,HUN,Hungary,2014,14294.2584180751,0.281071729822615,total,5498.616
29706,HUN,Hungary,2015,12717.038597002,0.283501734107091,total,5454.858
6534,HUN,Hungary,2016,13104.6995457458,0.280461895425117,total,5541.8
38040,HUN,Hungary,2017,14621.2395956755,0.289066491163757,total,5582.206
15059,HUN,Hungary,2018,16425.2050299693,0.279661545076841,total,5640.945
22005,HUN,Hungary,2019,16786.2136399075,0.286473395055701,total,5590.002
14431,ISL,Iceland,2004,47334.9306537723,0.260627680269397,total,7153.499
33686,ISL,Iceland,2005,56794.8501588953,0.273090131795784,total,7108.969
34206,ISL,Iceland,2006,57492.9342498703,0.288567076251159,total,7048.062
38869,ISL,Iceland,2007,69495.7267376825,0.285362885258293,total,7892.447
29569,ISL,Iceland,2008,56943.3704468563,0.305503141757128,total,8026.263
24744,ISL,Iceland,2009,41301.273219718,0.266175632489074,total,8490.871
12926,ISL,Iceland,2010,43237.0729488958,0.248472007851575,total,7941.525
31382,ISL,Iceland,2011,47714.5922308485,0.251838240572955,total,8250.754
5971,ISL,Iceland,2012,45995.5478789467,0.252454402532484,total,8133.508
28512,ISL,Iceland,2013,49804.9829978371,0.240412130229513,total,8200.422
10604,ISL,Iceland,2014,54576.7448146565,0.246135608662804,total,8335.911
4787,ISL,Iceland,2015,52951.6815110898,0.256615279741435,total,8191.534
30886,ISL,Iceland,2016,61987.9263620283,0.264419434586746,total,8507.381
37067,ISL,Iceland,2017,72010.1490316258,0.249608913396653,total,9185.313
30257,IRL,Ireland,2004,47754.2023194244,0.322859449933864,total,8465.768
2541,IRL,Ireland,2005,50933.0216095589,0.324007933140459,total,8804.384
11266,IRL,Ireland,2006,54329.1618599624,0.316388541718316,total,9009.733
30727,IRL,Ireland,2007,61396.417461176,0.303675884126803,total,9732.975
1931,IRL,Ireland,2008,61353.1065629523,0.295226940467417,total,10841.745
35837,IRL,Ireland,2009,52133.0909237885,0.312199268857483,total,12182.404
24933,IRL,Ireland,2010,48679.4026820361,0.298288536964271,total,12476.801
25330,IRL,Ireland,2011,52692.7813135606,0.306568350394102,total,12092.992
31241,IRL,Ireland,2012,49411.7387476787,0.309738962380643,total,11915.56
1632,IRL,Ireland,2013,52619.2123745817,0.311591390136746,total,11347.765
1874,IRL,Ireland,2014,57278.2590911107,0.297798862656329,total,11277.637
5695,IRL,Ireland,2015,64311.8234684057,0.297552273011287,total,10510.399
14723,IRL,Ireland,2016,64292.659966313,0.308885497600363,total,10554.947
40155,IRL,Ireland,2017,72499.3268743015,0.294827467079002,total,10664.098
5846,IRL,Ireland,2018,81248.3135388,0.2924049075,total,10900.591
780,IRL,Ireland,2019,82508.4659883582,0.292924611300601,total,10792.868
19749,ISR,Israel,2011,34433.822610733,0.37073,total,5092.067
26750,ISR,Israel,2012,33236.5731239421,0.37147,total,5205.463
3842,ISR,Israel,2013,36929.6042163752,0.36032,total,5356.09
15993,ISR,Israel,2014,38230.4954049785,0.3645,total,5460.829
37047,ISR,Israel,2015,36123.9907881129,0.35956,total,5489.087
5618,ISR,Israel,2016,37556.6272863143,0.34629,total,5627.003
1969,ISR,Israel,2017,40997.9110240274,0.34362,total,5990.762
31676,ISR,Israel,2018,42233.2610344935,0.34797,total,6127.127
25027,ISR,Israel,2019,44140.8289372511,0.34227,total,6327.7
19152,ISR,Israel,2020,44679.7715799755,0.33982,total,7587.036
25435,ISR,Israel,2021,52255.6159050999,0.34812,total,7412.632
3577,ITA,Italy,2004,31425.8208728669,0.331167935147925,total,9611.223
29208,ITA,Italy,2005,32171.793374715,0.323942329695046,total,9728.175
37225,ITA,Italy,2006,33684.7200358552,0.324271098920666,total,9912.408
40159,ITA,Italy,2007,38031.9709472716,0.31254104582239,total,9927.198
29090,ITA,Italy,2008,41095.4063415012,0.316507375686812,total,10134.393
27475,ITA,Italy,2009,37388.4537139699,0.315198002974312,total,10316.646
25210,ITA,Italy,2010,36184.7118698678,0.327322346518374,total,10441.124
38696,ITA,Italy,2011,38851.3881339353,0.32657049905694,total,10326.193
13126,ITA,Italy,2012,35235.7989058242,0.329985447131466,total,10261.252
5975,ITA,Italy,2013,35747.707952689,0.324852834404022,total,10275.772
21857,ITA,Italy,2014,35750.7197500382,0.326403554786522,total,10366.883
36706,ITA,Italy,2015,30387.1293187854,0.332745726676477,total,10535.146
33311,ITA,Italy,2016,31126.3246947273,0.327489172814721,total,10545.367
23018,ITA,Italy,2017,32554.14668453,0.334411921571719,total,10635.79
15959,ITA,Italy,2018,34746.3441392416,0.3297146401,total,10703.203
28505,ITA,Italy,2019,33812.788724868,0.325234499139337,total,10868.0
28454,JPN,Japan,2018,39751.1330982711,0.334,total,9358.306
25138,KOR,Korea,2011,25097.595426845,0.388,total,2699.182
38867,KOR,Korea,2012,25459.1689000965,0.385,total,2931.067
6393,KOR,Korea,2013,27179.5170146052,0.372,total,3189.305
3836,KOR,Korea,2014,29252.9312377352,0.363,total,3406.083
1552,KOR,Korea,2015,28737.4391706499,0.352,total,3652.285
16661,KOR,Korea,2016,29280.4403170048,0.355,total,3835.873
12139,KOR,Korea,2017,31600.7358741365,0.354,total,4040.647
10063,KOR,Korea,2018,33447.1562836166,0.345,total,4463.078
7430,KOR,Korea,2019,31902.4169048194,0.339,total,5116.732
17318,KOR,Korea,2020,31721.2989141857,0.328,total,5956.78
10378,LVA,Latvia,2004,6109.73265186817,0.363564794429739,total,2214.649
24409,LVA,Latvia,2005,7283.78738127622,0.390873125977311,total,2326.198
15381,LVA,Latvia,2006,9211.7374468148,0.350057723242359,total,2603.923
15207,LVA,Latvia,2007,13370.9789452508,0.375446228813419,total,2632.09
34455,LVA,Latvia,2008,15677.6080864506,0.374955238347625,total,3017.408
28269,LVA,Latvia,2009,11996.0322729773,0.35404175048095,total,3647.44
3048,LVA,Latvia,2010,11188.4191700977,0.345951007082263,total,3797.998
39434,LVA,Latvia,2011,12902.574053337,0.351141769634337,total,3508.889
16370,LVA,Latvia,2012,13329.3499931271,0.346081396066986,total,3445.548
12625,LVA,Latvia,2013,14484.4715282132,0.35105281033516,total,3601.706
3747,LVA,Latvia,2014,15185.814581236,0.349329767059351,total,3665.447
4292,LVA,Latvia,2015,13321.9753140616,0.346127540898375,total,3924.241
11412,LVA,Latvia,2016,13838.5266823272,0.345844058326151,total,4121.225
5205,LVA,Latvia,2017,15132.4958333982,0.35481338328418,total,4254.271
277,LVA,Latvia,2018,17252.1710428626,0.351357764559036,total,4551.492
17623,LVA,Latvia,2019,17294.9751600969,0.343648570435137,total,4807.105
30855,LTU,Lithuania,2004,6734.57487061946,0.349312508902476,total,2386.129
10288,LTU,Lithuania,2005,7857.03148786492,0.351733542583752,total,2703.602
5195,LTU,Lithuania,2006,9210.10118229413,0.328378836900802,total,2964.476
33569,LTU,Lithuania,2007,12295.1212779366,0.336876219439058,total,3594.765
22263,LTU,Lithuania,2008,14955.5345462921,0.357195046767572,total,4162.824
4567,LTU,Lithuania,2009,11854.3711053096,0.365043012656647,total,4725.53
19706,LTU,Lithuania,2010,11829.122609457,0.328514709332641,total,4358.289
22339,LTU,Lithuania,2011,14261.8433787325,0.320825625424303,total,4230.69
4272,LTU,Lithuania,2012,14294.7178607152,0.349898350076931,total,4179.932
7693,LTU,Lithuania,2013,15655.3513307327,0.35094065836543,total,4110.684
32912,LTU,Lithuania,2014,16473.5678231709,0.380467826637789,total,4341.585
16607,LTU,Lithuania,2015,14300.2553666736,0.371632560258883,total,4557.21
2711,LTU,Lithuania,2016,14981.6208126311,0.37752029593618,total,4662.262
19399,LTU,Lithuania,2017,16884.7100319318,0.373659856903997,total,4854.691
22309,LTU,Lithuania,2018,19368.5391045353,0.361180875527023,total,5450.76
13311,LTU,Lithuania,2019,19727.7607453736,0.35703255735286,total,5922.464
300,LUX,Luxembourg,2015,105462.012584423,0.305570434798167,total,22165.36
34276,LUX,Luxembourg,2016,106899.293549552,0.304519353188606,total,22360.434
13992,LUX,Luxembourg,2017,110193.213797228,0.326729823192219,total,22643.964
28809,LUX,Luxembourg,2018,116786.511654677,0.317974814750505,total,22836.928
7977,LUX,Luxembourg,2019,112726.439672814,0.304676334206349,total,23539.074
31941,MEX,Mexico,2012,10744.1335242686,0.4572018,total,1280.796
6228,MEX,Mexico,2014,11391.3773497683,0.4593388,total,1363.855
11476,MEX,Mexico,2016,9097.92397674769,0.4586722,total,1403.292
16762,MEX,Mexico,2018,10084.7937562021,0.4179922,total,1362.095
622,NLD,Netherlands,2011,54701.7728030611,0.294,total,8755.871
31689,NLD,Netherlands,2012,50473.9442002689,0.293,total,8823.522
31189,NLD,Netherlands,2013,52602.2860520766,0.287,total,8888.719
30255,NLD,Netherlands,2014,53457.2234864322,0.305,total,8882.471
16089,NLD,Netherlands,2015,45793.8135434697,0.305,total,8848.502
38748,NLD,Netherlands,2016,46808.5291492503,0.292,total,8929.381
20086,NLD,Netherlands,2017,49513.6817346384,0.298,total,8707.089
14327,NLD,Netherlands,2018,53955.0770024266,0.295,total,8684.314
10544,NLD,Netherlands,2019,53554.9007491475,0.312,total,8797.976
21543,NZL,New Zealand,2006,26654.5932018985,0.332,total,6750.956
31928,NZL,New Zealand,2007,32479.9817381467,0.331,total,7156.31
33898,NZL,New Zealand,2008,31252.9625640673,0.328,total,7655.087
30152,NZL,New Zealand,2009,28209.3623271229,0.329,total,8039.713
4569,NZL,New Zealand,2010,33676.7741239925,0.335,total,7982.949
20582,NZL,New Zealand,2011,38388.5280906616,0.329,total,7966.384
14471,NZL,New Zealand,2012,39974.2997334925,0.335,total,8076.062
20616,NZL,New Zealand,2013,42977.388040868,0.341,total,7610.203
22706,NZL,New Zealand,2014,44578.2253868016,0.341,total,7696.673
28361,NZL,New Zealand,2015,38639.3501941427,0.325,total,7464.285
22659,NZL,New Zealand,2016,40070.8956577431,0.333,total,7424.366
15371,NZL,New Zealand,2017,42913.186956185,0.335,total,7208.91
40104,NZL,New Zealand,2018,43228.6976473771,0.33,total,7687.428
2709,NZL,New Zealand,2019,42747.2099299966,0.326,total,9411.276
39115,NZL,New Zealand,2020,41785.6922905898,0.318,total,8577.106
4191,NZL,New Zealand,2021,49624.1816729553,0.303,total,8487.138
21905,NOR,Norway,2004,57768.6980958462,0.2853,total,12963.25
21731,NOR,Norway,2008,97503.5407803783,0.25,total,11747.332
8508,NOR,Norway,2009,80347.5700665184,0.2449,total,13313.669
23901,NOR,Norway,2010,88163.2085931423,0.24858,total,13007.17
27479,NOR,Norway,2011,101221.813476644,0.24962,total,12648.273
10884,NOR,Norway,2012,102175.919298374,0.25252,total,12754.36
35114,NOR,Norway,2013,103553.840134417,0.252,total,12997.667
21938,NOR,Norway,2014,97666.6951838749,0.257,total,13657.387
38827,NOR,Norway,2015,74809.9658049898,0.27192,total,14895.831
19192,NOR,Norway,2016,70867.3609970749,0.26208,total,15680.362
5216,NOR,Norway,2017,76131.8384032764,0.26154,total,15425.862
24689,NOR,Norway,2018,82792.8427113304,0.26208,total,14929.022
3903,NOR,Norway,2019,76430.5889473338,0.26127,total,15598.467
10897,POL,Poland,2005,8043.92332253757,0.326925703783921,total,3824.901
30884,POL,Poland,2006,9068.85528307627,0.314573700726682,total,4011.463
8367,POL,Poland,2007,11272.5293683383,0.314812605005535,total,4066.193
23337,POL,Poland,2008,14048.5604672654,0.3067082471805,total,4387.281
29383,POL,Poland,2009,11556.3026866026,0.303107545407282,total,4709.042
35692,POL,Poland,2010,12567.7317676382,0.30427772266106,total,4747.272
9866,POL,Poland,2011,13867.6669408192,0.301374825716215,total,4696.375
37693,POL,Poland,2012,13087.420943321,0.297591508905476,total,4825.078
24214,POL,Poland,2013,13621.9023794031,0.299118744926543,total,5067.792
14491,POL,Poland,2014,14262.2841914116,0.297265831746318,total,5160.703
22040,POL,Poland,2015,12637.5220324406,0.291253761256228,total,5365.033
33231,POL,Poland,2016,12464.0110508476,0.284694231273153,total,5802.346
14775,POL,Poland,2017,13913.3402919927,0.274673596632604,total,5968.718
8227,POL,Poland,2018,15658.2120316794,0.281198172990589,total,6205.982
8349,POL,Poland,2019,15874.5220531254,0.268066668146328,total,6719.686
8247,PRT,Portugal,2004,18064.1580932987,0.383096594486531,total,6418.522
31891,PRT,Portugal,2005,18780.12751241,0.377927197582117,total,6642.2
24129,PRT,Portugal,2006,19839.4540499032,0.368463781165802,total,6503.12
16387,PRT,Portugal,2007,22811.0564844365,0.360350588436604,total,6549.877
35655,PRT,Portugal,2008,24949.0413566739,0.354261579489391,total,6703.178
37844,PRT,Portugal,2009,23151.2154130712,0.336068514206965,total,7186.028
18085,PRT,Portugal,2010,22551.935098809,0.341301146611402,total,7375.941
2030,PRT,Portugal,2011,23246.5425416481,0.337063186693417,total,7229.407
35674,PRT,Portugal,2012,20593.4274224109,0.337030290952836,total,6993.915
14317,PRT,Portugal,2013,21676.4859642714,0.340547952609784,total,7277.073
28538,PRT,Portugal,2014,22120.6850127107,0.33767520928986,total,7247.965
17420,PRT,Portugal,2015,19215.7813014347,0.3356458171886,total,7095.414
9633,PRT,Portugal,2016,19980.2808866516,0.331432926681554,total,7121.141
34053,PRT,Portugal,2017,21442.3842768879,0.319619033280451,total,7158.439
3065,PRT,Portugal,2018,23541.1401075289,0.316905467183618,total,7286.526
20902,PRT,Portugal,2019,23343.3628970034,0.30985666638731,total,7441.514
15757,SVK,Slovak Republic,2004,10650.1290097126,0.26671629477265,total,3118.343
38028,SVK,Slovak Republic,2005,11641.5410321763,0.289438828360397,total,3213.075
1571,SVK,Slovak Republic,2006,13167.8954730379,0.250930836846667,total,3411.538
9993,SVK,Slovak Republic,2007,16110.4817265237,0.246475878037089,total,3726.621
33724,SVK,Slovak Republic,2008,18744.3192278346,0.257165461272922,total,3947.821
2553,SVK,Slovak Republic,2009,16586.7527805228,0.266683985154866,total,4431.259
4102,SVK,Slovak Republic,2010,16899.448680529,0.264605797967667,total,4594.334
16658,SVK,Slovak Republic,2011,18469.4354316836,0.262348905298245,total,4676.082
2117,SVK,Slovak Republic,2012,17516.9691054078,0.250524118552272,total,4787.352
37842,SVK,Slovak Republic,2013,18312.7805149823,0.269833201594767,total,4905.799
15184,SVK,Slovak Republic,2014,18770.9289896545,0.247269484459445,total,5058.854
3297,SVK,Slovak Republic,2015,16442.0760860018,0.250415100755262,total,5170.135
15215,SVK,Slovak Republic,2016,16636.0769133073,0.240844024138897,total,5376.459
4943,SVK,Slovak Republic,2017,17645.5298716761,0.219974976766284,total,5495.221
13968,SVK,Slovak Republic,2018,19573.3717031314,0.236119397216452,total,5584.867
12398,SVK,Slovak Republic,2019,19406.0589683582,0.222391022082564,total,5814.411
17540,SVN,Slovenia,2004,17103.8297783905,0.24149797964537,total,6057.627
24580,SVN,Slovenia,2005,17969.7095907161,0.240411385419545,total,6268.745
6081,SVN,Slovenia,2006,19563.005059144,0.237461653624362,total,6483.654
27624,SVN,Slovenia,2007,23725.1596001515,0.238476624737992,total,6453.27
5181,SVN,Slovenia,2008,27461.9764165315,0.233850049111488,total,6708.916
35503,SVN,Slovenia,2009,24501.7897290425,0.244810918701495,total,6929.846
12669,SVN,Slovenia,2010,23329.8417691156,0.24463929417142,total,7287.869
33007,SVN,Slovenia,2011,24940.6284841605,0.243497963111138,total,7363.286
37830,SVN,Slovenia,2012,22442.1417859955,0.248833829782176,total,7164.82
26461,SVN,Slovenia,2013,23236.9655321695,0.25445332897984,total,7180.764
27390,SVN,Slovenia,2014,24013.0682060959,0.250930238101609,total,7150.687
29354,SVN,Slovenia,2015,20697.2748530619,0.249540898790575,total,7164.64
2065,SVN,Slovenia,2016,21447.8377796036,0.243749252437704,total,7256.823
6281,SVN,Slovenia,2017,23303.077705959,0.242699277654699,total,7341.736
16799,SVN,Slovenia,2018,25888.0481065655,0.248633502508781,total,7589.189
21888,SVN,Slovenia,2019,25814.1687167572,0.24573461056591,total,7840.455
35912,ESP,Spain,2007,32652.015594702,0.312907212548408,total,7710.494
10427,ESP,Spain,2008,35603.248328071,0.32655953112591,total,8175.744
9687,ESP,Spain,2009,32279.8208476151,0.33267773210629,total,8951.845
33359,ESP,Spain,2010,30658.7422282912,0.338823523977977,total,8680.805
9189,ESP,Spain,2011,31824.6219134777,0.340686702663974,total,8798.268
28614,ESP,Spain,2012,28456.4438151477,0.33399751886807,total,8535.549
23955,ESP,Spain,2013,29218.9105170888,0.344980115861995,total,8495.25
24383,ESP,Spain,2014,29694.8874886229,0.343495590094028,total,8526.889
27716,ESP,Spain,2015,25969.8383138327,0.344465829818743,total,8630.125
11994,ESP,Spain,2016,26740.6851818829,0.340587027614714,total,8717.724
30468,ESP,Spain,2017,28367.9392609439,0.332512464561744,total,8843.54
11030,ESP,Spain,2018,30592.1264795541,0.330490524696922,total,9048.409
925,ESP,Spain,2019,29776.2011500384,0.320337184407172,total,9396.975
14407,SWE,Sweden,2013,60844.2767113975,0.267,total,12591.357
26259,SWE,Sweden,2014,59583.7140001673,0.272,total,12626.833
14144,SWE,Sweden,2015,51197.9529341175,0.276,total,12819.249
22118,SWE,Sweden,2016,51820.3972482676,0.28,total,13129.454
7388,SWE,Sweden,2017,53300.8587281785,0.28183,total,12951.643
37726,SWE,Sweden,2018,54181.9069780904,0.273,total,12937.781
19514,SWE,Sweden,2019,51773.0464558993,0.277,total,12775.889
21993,CHE,Switzerland,2006,59011.0324592016,0.304744732,total,9173.266
19831,CHE,Switzerland,2007,64989.1553256031,0.31169235,total,9092.212
8694,CHE,Switzerland,2008,74175.1927898555,0.306048619,total,9028.352
1447,CHE,Switzerland,2009,71568.3123885672,0.297157881,total,9679.641
37373,CHE,Switzerland,2010,76531.3729407691,0.298394593,total,9696.413
21319,CHE,Switzerland,2011,90476.7589651577,0.28876852,total,9761.957
25106,CHE,Switzerland,2012,85836.2076767359,0.284980237,total,9916.178
38244,CHE,Switzerland,2013,87304.3305813557,0.295402653,total,10170.526
6787,CHE,Switzerland,2014,88724.9909402638,0.297298269,total,10233.348
37895,CHE,Switzerland,2015,83806.4476003837,0.295506755,total,10616.115
16164,CHE,Switzerland,2016,82153.0745447889,0.302386096,total,10820.096
9791,CHE,Switzerland,2017,82254.3769269767,0.299084486,total,11022.323
20855,CHE,Switzerland,2018,85217.3691512274,0.310825606,total,10941.561
19666,CHE,Switzerland,2019,84121.9310304414,0.315866403,total,11116.256
1884,TUR,Türkiye,2011,11300.7852215681,0.403,total,2525.528
22451,TUR,Türkiye,2012,11713.2849831139,0.399,total,2646.171
25241,TUR,Türkiye,2013,12578.1878632,0.39,total,2787.52
33817,TUR,Türkiye,2014,12165.220135038,0.398,total,2867.576
27373,TUR,Türkiye,2015,11049.9951100942,0.404,total,2970.274
26204,TUR,Türkiye,2017,10695.550196231,0.409403,total,3356.076
38536,TUR,Türkiye,2018,9568.83506330228,0.397035,total,3343.883
31435,TUR,Türkiye,2019,9215.44049888114,0.414758,total,3508.994
35975,GBR,United Kingdom,2002,30077.741432188,0.358833005,total,6903.957
27235,GBR,United Kingdom,2003,34442.6875402308,0.353240734,total,7366.083
20720,GBR,United Kingdom,2004,40366.8886650968,0.353784532,total,7729.609
22037,GBR,United Kingdom,2005,42104.7884375024,0.358875003,total,7851.437
635,GBR,United Kingdom,2006,44512.4590296865,0.364430407,total,7958.129
38158,GBR,United Kingdom,2007,50397.6854954706,0.372697091,total,8235.618
31412,GBR,United Kingdom,2008,47396.1202078484,0.368516703,total,8586.584
33842,GBR,United Kingdom,2009,38744.131693043,0.373940635,total,9130.246
38611,GBR,United Kingdom,2010,39598.957119545,0.350878657,total,9292.738
14335,GBR,United Kingdom,2011,42109.6418795749,0.353700293,total,9265.848
22115,GBR,United Kingdom,2012,42497.3404974322,0.351452428,total,9391.883
18822,GBR,United Kingdom,2013,43426.2981405143,0.358,total,9230.561
12755,GBR,United Kingdom,2014,47439.6165895125,0.356090734,total,9195.975
29979,GBR,United Kingdom,2015,44964.3911437292,0.360156422,total,9178.808
38843,GBR,United Kingdom,2016,40985.2351382417,0.351,total,9021.696
6861,GBR,United Kingdom,2017,40572.1214823783,0.357,total,8969.14
5,GBR,United Kingdom,2018,43203.8141057739,0.366,total,8845.972
34594,GBR,United Kingdom,2019,42662.5353740311,0.366,total,8602.624
12819,GBR,United Kingdom,2020,40201.6812422928,0.355,total,9343.244
17844,USA,United States,2013,53409.7507774372,0.3959848,total,10066.8
54,USA,United States,2014,55304.3155317137,0.39381632,total,10219.573
7792,USA,United States,2015,57040.2082136605,0.38955993,total,10466.342
39105,USA,United States,2016,58206.6141931844,0.39123223,total,10660.967
7160,USA,United States,2017,60322.2614241747,0.3899,total,10709.934
7517,USA,United States,2018,63201.0458483771,0.3927,total,10803.048
37178,USA,United States,2019,65604.6815198734,0.3949,total,11028.43
33175,USA,United States,2020,64411.3731779373,0.3773,total,14097.04
